medium,source_document,location_or_well,analyte,value_type,value,unit,date_or_event,depth_ft,is_background,n_samples,regulatory_limit,limit_type,exceedance_ratio,source_citation,status,notes
groundwater,06A2542ct_TO97_GW Rpt_final.20230308.pdf,MW-1,arsenic,min_detected_per_well_all_dates,1.1,ug/L,6/4/2014,,,20,10.0,MCL,,"Table 3, pp. 21-29 (values); 30 (footnote key); 29 (MCL row)",VERIFIED (computed from raw transcription),n_nondetect=3
groundwater,06A2542ct_TO97_GW Rpt_final.20230308.pdf,MW-1,arsenic,max_detected_per_well_all_dates,3.3,ug/L,3/18/2013,,,20,10.0,MCL,0.33,"Table 3, pp. 21-29 (values); 30 (footnote key); 29 (MCL row)",VERIFIED (computed from raw transcription),n_nondetect=3
groundwater,06A2542ct_TO97_GW Rpt_final.20230308.pdf,MW-1,barium,min_detected_per_well_all_dates,100.0,ug/L,5/2/2016,,,20,1000.0,MCL,,"Table 3, pp. 21-29 (values); 30 (footnote key); 29 (MCL row)",VERIFIED (computed from raw transcription),n_nondetect=0
groundwater,06A2542ct_TO97_GW Rpt_final.20230308.pdf,MW-1,barium,max_detected_per_well_all_dates,190.0,ug/L,3/18/2013,,,20,1000.0,MCL,0.19,"Table 3, pp. 21-29 (values); 30 (footnote key); 29 (MCL row)",VERIFIED (computed from raw transcription),n_nondetect=0
groundwater,06A2542ct_TO97_GW Rpt_final.20230308.pdf,MW-1,lead,min_detected_per_well_all_dates,2.2,ug/L,3/18/2013,,,20,15.0,Regulatory Action Level (California Department of Public Health; NOT an MCL per Table 3 footnote 3),,"Table 3, pp. 21-29 (values); 30 (footnote key); 29 (MCL row)",VERIFIED (computed from raw transcription),n_nondetect=19
groundwater,06A2542ct_TO97_GW Rpt_final.20230308.pdf,MW-1,lead,max_detected_per_well_all_dates,2.2,ug/L,3/18/2013,,,20,15.0,Regulatory Action Level (California Department of Public Health; NOT an MCL per Table 3 footnote 3),0.147,"Table 3, pp. 21-29 (values); 30 (footnote key); 29 (MCL row)",VERIFIED (computed from raw transcription),n_nondetect=19
groundwater,06A2542ct_TO97_GW Rpt_final.20230308.pdf,MW-1,manganese,min_detected_per_well_all_dates,12.0,ug/L,1/22/2013,,,20,50.0,Secondary MCL,,"Table 3, pp. 21-29 (values); 30 (footnote key); 29 (MCL row)",VERIFIED (computed from raw transcription),n_nondetect=14
groundwater,06A2542ct_TO97_GW Rpt_final.20230308.pdf,MW-1,manganese,max_detected_per_well_all_dates,160.0,ug/L,3/18/2013,,,20,50.0,Secondary MCL,3.2,"Table 3, pp. 21-29 (values); 30 (footnote key); 29 (MCL row)",VERIFIED (computed from raw transcription),n_nondetect=14
groundwater,06A2542ct_TO97_GW Rpt_final.20230308.pdf,MW-1,strontium,min_detected_per_well_all_dates,810.0,ug/L,5/2/2016,,,18,4000.0,EPA Drinking Water Health Advisory (footnote 4; NOT an MCL),,"Table 3, pp. 21-29 (values); 30 (footnote key); 29 (MCL row)",VERIFIED (computed from raw transcription),n_nondetect=0
groundwater,06A2542ct_TO97_GW Rpt_final.20230308.pdf,MW-1,strontium,max_detected_per_well_all_dates,1400.0,ug/L,4/12/2018,,,18,4000.0,EPA Drinking Water Health Advisory (footnote 4; NOT an MCL),0.35,"Table 3, pp. 21-29 (values); 30 (footnote key); 29 (MCL row)",VERIFIED (computed from raw transcription),n_nondetect=0
groundwater,06A2542ct_TO97_GW Rpt_final.20230308.pdf,MW-1,nitrate_as_n,min_detected_per_well_all_dates,5.0,mg/L,6/14/2006,,,20,10.0,MCL (health-based),,"Table 4, pp. 31-39 (values); 39 (MCL row)",VERIFIED (computed from raw transcription),n_nondetect=0
groundwater,06A2542ct_TO97_GW Rpt_final.20230308.pdf,MW-1,nitrate_as_n,max_detected_per_well_all_dates,18.0,mg/L,9/16/2014,,,20,10.0,MCL (health-based),1.8,"Table 4, pp. 31-39 (values); 39 (MCL row)",VERIFIED (computed from raw transcription),n_nondetect=0
groundwater,06A2542ct_TO97_GW Rpt_final.20230308.pdf,MW-10,arsenic,min_detected_per_well_all_dates,1.8,ug/L,9/5/2013,,,12,10.0,MCL,,"Table 3, pp. 21-29 (values); 30 (footnote key); 29 (MCL row)",VERIFIED (computed from raw transcription),n_nondetect=0
groundwater,06A2542ct_TO97_GW Rpt_final.20230308.pdf,MW-10,arsenic,max_detected_per_well_all_dates,4.1,ug/L,6/20/2012,,,12,10.0,MCL,0.41,"Table 3, pp. 21-29 (values); 30 (footnote key); 29 (MCL row)",VERIFIED (computed from raw transcription),n_nondetect=0
groundwater,06A2542ct_TO97_GW Rpt_final.20230308.pdf,MW-10,barium,min_detected_per_well_all_dates,59.0,ug/L,7/17/2012,,,12,1000.0,MCL,,"Table 3, pp. 21-29 (values); 30 (footnote key); 29 (MCL row)",VERIFIED (computed from raw transcription),n_nondetect=0
groundwater,06A2542ct_TO97_GW Rpt_final.20230308.pdf,MW-10,barium,max_detected_per_well_all_dates,160.0,ug/L,6/20/2012,,,12,1000.0,MCL,0.16,"Table 3, pp. 21-29 (values); 30 (footnote key); 29 (MCL row)",VERIFIED (computed from raw transcription),n_nondetect=0
groundwater,06A2542ct_TO97_GW Rpt_final.20230308.pdf,MW-10,lead,min_detected_per_well_all_dates,2.2,ug/L,6/20/2012,,,12,15.0,Regulatory Action Level (California Department of Public Health; NOT an MCL per Table 3 footnote 3),,"Table 3, pp. 21-29 (values); 30 (footnote key); 29 (MCL row)",VERIFIED (computed from raw transcription),n_nondetect=11
groundwater,06A2542ct_TO97_GW Rpt_final.20230308.pdf,MW-10,lead,max_detected_per_well_all_dates,2.2,ug/L,6/20/2012,,,12,15.0,Regulatory Action Level (California Department of Public Health; NOT an MCL per Table 3 footnote 3),0.147,"Table 3, pp. 21-29 (values); 30 (footnote key); 29 (MCL row)",VERIFIED (computed from raw transcription),n_nondetect=11
groundwater,06A2542ct_TO97_GW Rpt_final.20230308.pdf,MW-10,manganese,min_detected_per_well_all_dates,14.0,ug/L,3/18/2013,,,12,50.0,Secondary MCL,,"Table 3, pp. 21-29 (values); 30 (footnote key); 29 (MCL row)",VERIFIED (computed from raw transcription),n_nondetect=7
groundwater,06A2542ct_TO97_GW Rpt_final.20230308.pdf,MW-10,manganese,max_detected_per_well_all_dates,290.0,ug/L,6/20/2012,,,12,50.0,Secondary MCL,5.8,"Table 3, pp. 21-29 (values); 30 (footnote key); 29 (MCL row)",VERIFIED (computed from raw transcription),n_nondetect=7
groundwater,06A2542ct_TO97_GW Rpt_final.20230308.pdf,MW-10,strontium,min_detected_per_well_all_dates,910.0,ug/L,9/5/2013,,,12,4000.0,EPA Drinking Water Health Advisory (footnote 4; NOT an MCL),,"Table 3, pp. 21-29 (values); 30 (footnote key); 29 (MCL row)",VERIFIED (computed from raw transcription),n_nondetect=0
groundwater,06A2542ct_TO97_GW Rpt_final.20230308.pdf,MW-10,strontium,max_detected_per_well_all_dates,1200.0,ug/L,1/22/2013,,,12,4000.0,EPA Drinking Water Health Advisory (footnote 4; NOT an MCL),0.3,"Table 3, pp. 21-29 (values); 30 (footnote key); 29 (MCL row)",VERIFIED (computed from raw transcription),n_nondetect=0
groundwater,06A2542ct_TO97_GW Rpt_final.20230308.pdf,MW-10,nitrate_as_n,min_detected_per_well_all_dates,9.2,mg/L,6/20/2012,,,12,10.0,MCL (health-based),,"Table 4, pp. 31-39 (values); 39 (MCL row)",VERIFIED (computed from raw transcription),n_nondetect=0
groundwater,06A2542ct_TO97_GW Rpt_final.20230308.pdf,MW-10,nitrate_as_n,max_detected_per_well_all_dates,20.0,mg/L,6/6/2013,,,12,10.0,MCL (health-based),2.0,"Table 4, pp. 31-39 (values); 39 (MCL row)",VERIFIED (computed from raw transcription),n_nondetect=0
groundwater,06A2542ct_TO97_GW Rpt_final.20230308.pdf,MW-2,arsenic,min_detected_per_well_all_dates,1.8,ug/L,4/12/2018,,,18,10.0,MCL,,"Table 3, pp. 21-29 (values); 30 (footnote key); 29 (MCL row)",VERIFIED (computed from raw transcription),n_nondetect=2
groundwater,06A2542ct_TO97_GW Rpt_final.20230308.pdf,MW-2,arsenic,max_detected_per_well_all_dates,3.2,ug/L,9/4/2013,,,18,10.0,MCL,0.32,"Table 3, pp. 21-29 (values); 30 (footnote key); 29 (MCL row)",VERIFIED (computed from raw transcription),n_nondetect=2
groundwater,06A2542ct_TO97_GW Rpt_final.20230308.pdf,MW-2,barium,min_detected_per_well_all_dates,72.0,ug/L,12/11/2013,,,18,1000.0,MCL,,"Table 3, pp. 21-29 (values); 30 (footnote key); 29 (MCL row)",VERIFIED (computed from raw transcription),n_nondetect=0
groundwater,06A2542ct_TO97_GW Rpt_final.20230308.pdf,MW-2,barium,max_detected_per_well_all_dates,150.0,ug/L,4/12/2017,,,18,1000.0,MCL,0.15,"Table 3, pp. 21-29 (values); 30 (footnote key); 29 (MCL row)",VERIFIED (computed from raw transcription),n_nondetect=0
groundwater,06A2542ct_TO97_GW Rpt_final.20230308.pdf,MW-2,manganese,min_detected_per_well_all_dates,1.3,ug/L,4/12/2017,,,18,50.0,Secondary MCL,,"Table 3, pp. 21-29 (values); 30 (footnote key); 29 (MCL row)",VERIFIED (computed from raw transcription),n_nondetect=10
groundwater,06A2542ct_TO97_GW Rpt_final.20230308.pdf,MW-2,manganese,max_detected_per_well_all_dates,27.0,ug/L,10/5/2006,,,18,50.0,Secondary MCL,0.54,"Table 3, pp. 21-29 (values); 30 (footnote key); 29 (MCL row)",VERIFIED (computed from raw transcription),n_nondetect=10
groundwater,06A2542ct_TO97_GW Rpt_final.20230308.pdf,MW-2,strontium,min_detected_per_well_all_dates,530.0,ug/L,12/11/2013,,,16,4000.0,EPA Drinking Water Health Advisory (footnote 4; NOT an MCL),,"Table 3, pp. 21-29 (values); 30 (footnote key); 29 (MCL row)",VERIFIED (computed from raw transcription),n_nondetect=0
groundwater,06A2542ct_TO97_GW Rpt_final.20230308.pdf,MW-2,strontium,max_detected_per_well_all_dates,940.0,ug/L,4/12/2017,,,16,4000.0,EPA Drinking Water Health Advisory (footnote 4; NOT an MCL),0.235,"Table 3, pp. 21-29 (values); 30 (footnote key); 29 (MCL row)",VERIFIED (computed from raw transcription),n_nondetect=0
groundwater,06A2542ct_TO97_GW Rpt_final.20230308.pdf,MW-2,nitrate_as_n,min_detected_per_well_all_dates,5.5,mg/L,6/13/2006,,,18,10.0,MCL (health-based),,"Table 4, pp. 31-39 (values); 39 (MCL row)",VERIFIED (computed from raw transcription),n_nondetect=0
groundwater,06A2542ct_TO97_GW Rpt_final.20230308.pdf,MW-2,nitrate_as_n,max_detected_per_well_all_dates,24.0,mg/L,4/12/2017,,,18,10.0,MCL (health-based),2.4,"Table 4, pp. 31-39 (values); 39 (MCL row)",VERIFIED (computed from raw transcription),n_nondetect=0
groundwater,06A2542ct_TO97_GW Rpt_final.20230308.pdf,MW-3,arsenic,min_detected_per_well_all_dates,2.2,ug/L,7/16/2012,,,17,10.0,MCL,,"Table 3, pp. 21-29 (values); 30 (footnote key); 29 (MCL row)",VERIFIED (computed from raw transcription),n_nondetect=2
groundwater,06A2542ct_TO97_GW Rpt_final.20230308.pdf,MW-3,arsenic,max_detected_per_well_all_dates,5.8,ug/L,9/4/2013,,,17,10.0,MCL,0.58,"Table 3, pp. 21-29 (values); 30 (footnote key); 29 (MCL row)",VERIFIED (computed from raw transcription),n_nondetect=2
groundwater,06A2542ct_TO97_GW Rpt_final.20230308.pdf,MW-3,barium,min_detected_per_well_all_dates,33.0,ug/L,4/12/2017,,,17,1000.0,MCL,,"Table 3, pp. 21-29 (values); 30 (footnote key); 29 (MCL row)",VERIFIED (computed from raw transcription),n_nondetect=0
groundwater,06A2542ct_TO97_GW Rpt_final.20230308.pdf,MW-3,barium,max_detected_per_well_all_dates,240.0,ug/L,7/16/2012,,,17,1000.0,MCL,0.24,"Table 3, pp. 21-29 (values); 30 (footnote key); 29 (MCL row)",VERIFIED (computed from raw transcription),n_nondetect=0
groundwater,06A2542ct_TO97_GW Rpt_final.20230308.pdf,MW-3,manganese,min_detected_per_well_all_dates,1.3,ug/L,4/12/2017,,,17,50.0,Secondary MCL,,"Table 3, pp. 21-29 (values); 30 (footnote key); 29 (MCL row)",VERIFIED (computed from raw transcription),n_nondetect=12
groundwater,06A2542ct_TO97_GW Rpt_final.20230308.pdf,MW-3,manganese,max_detected_per_well_all_dates,74.0,ug/L,9/19/2012,,,17,50.0,Secondary MCL,1.48,"Table 3, pp. 21-29 (values); 30 (footnote key); 29 (MCL row)",VERIFIED (computed from raw transcription),n_nondetect=12
groundwater,06A2542ct_TO97_GW Rpt_final.20230308.pdf,MW-3,strontium,min_detected_per_well_all_dates,190.0,ug/L,4/12/2017,,,15,4000.0,EPA Drinking Water Health Advisory (footnote 4; NOT an MCL),,"Table 3, pp. 21-29 (values); 30 (footnote key); 29 (MCL row)",VERIFIED (computed from raw transcription),n_nondetect=0
groundwater,06A2542ct_TO97_GW Rpt_final.20230308.pdf,MW-3,strontium,max_detected_per_well_all_dates,840.0,ug/L,7/16/2012,,,15,4000.0,EPA Drinking Water Health Advisory (footnote 4; NOT an MCL),0.21,"Table 3, pp. 21-29 (values); 30 (footnote key); 29 (MCL row)",VERIFIED (computed from raw transcription),n_nondetect=0
groundwater,06A2542ct_TO97_GW Rpt_final.20230308.pdf,MW-3,nitrate_as_n,min_detected_per_well_all_dates,2.1,mg/L,4/12/2018,,,17,10.0,MCL (health-based),,"Table 4, pp. 31-39 (values); 39 (MCL row)",VERIFIED (computed from raw transcription),n_nondetect=0
groundwater,06A2542ct_TO97_GW Rpt_final.20230308.pdf,MW-3,nitrate_as_n,max_detected_per_well_all_dates,5.4,mg/L,6/13/2006,,,17,10.0,MCL (health-based),0.54,"Table 4, pp. 31-39 (values); 39 (MCL row)",VERIFIED (computed from raw transcription),n_nondetect=0
groundwater,06A2542ct_TO97_GW Rpt_final.20230308.pdf,MW-4,arsenic,min_detected_per_well_all_dates,1.3,ug/L,6/4/2014,,,18,10.0,MCL,,"Table 3, pp. 21-29 (values); 30 (footnote key); 29 (MCL row)",VERIFIED (computed from raw transcription),n_nondetect=3
groundwater,06A2542ct_TO97_GW Rpt_final.20230308.pdf,MW-4,arsenic,max_detected_per_well_all_dates,9.9,ug/L,10/4/2006,,,18,10.0,MCL,0.99,"Table 3, pp. 21-29 (values); 30 (footnote key); 29 (MCL row)",VERIFIED (computed from raw transcription),n_nondetect=3
groundwater,06A2542ct_TO97_GW Rpt_final.20230308.pdf,MW-4,barium,min_detected_per_well_all_dates,100.0,ug/L,10/4/2006,,,20,1000.0,MCL,,"Table 3, pp. 21-29 (values); 30 (footnote key); 29 (MCL row)",VERIFIED (computed from raw transcription),n_nondetect=0
groundwater,06A2542ct_TO97_GW Rpt_final.20230308.pdf,MW-4,barium,max_detected_per_well_all_dates,160.0,ug/L,3/12/2012,,,20,1000.0,MCL,0.16,"Table 3, pp. 21-29 (values); 30 (footnote key); 29 (MCL row)",VERIFIED (computed from raw transcription),n_nondetect=0
groundwater,06A2542ct_TO97_GW Rpt_final.20230308.pdf,MW-4,manganese,min_detected_per_well_all_dates,1.3,ug/L,4/12/2017,,,18,50.0,Secondary MCL,,"Table 3, pp. 21-29 (values); 30 (footnote key); 29 (MCL row)",VERIFIED (computed from raw transcription),n_nondetect=12
groundwater,06A2542ct_TO97_GW Rpt_final.20230308.pdf,MW-4,manganese,max_detected_per_well_all_dates,88.0,ug/L,3/12/2012,,,18,50.0,Secondary MCL,1.76,"Table 3, pp. 21-29 (values); 30 (footnote key); 29 (MCL row)",VERIFIED (computed from raw transcription),n_nondetect=12
groundwater,06A2542ct_TO97_GW Rpt_final.20230308.pdf,MW-4,strontium,min_detected_per_well_all_dates,760.0,ug/L,4/12/2018,,,18,4000.0,EPA Drinking Water Health Advisory (footnote 4; NOT an MCL),,"Table 3, pp. 21-29 (values); 30 (footnote key); 29 (MCL row)",VERIFIED (computed from raw transcription),n_nondetect=0
groundwater,06A2542ct_TO97_GW Rpt_final.20230308.pdf,MW-4,strontium,max_detected_per_well_all_dates,980.0,ug/L,9/19/2012,,,18,4000.0,EPA Drinking Water Health Advisory (footnote 4; NOT an MCL),0.245,"Table 3, pp. 21-29 (values); 30 (footnote key); 29 (MCL row)",VERIFIED (computed from raw transcription),n_nondetect=0
groundwater,06A2542ct_TO97_GW Rpt_final.20230308.pdf,MW-4,nitrate_as_n,min_detected_per_well_all_dates,3.5,mg/L,6/13/2006,,,18,10.0,MCL (health-based),,"Table 4, pp. 31-39 (values); 39 (MCL row)",VERIFIED (computed from raw transcription),n_nondetect=0
groundwater,06A2542ct_TO97_GW Rpt_final.20230308.pdf,MW-4,nitrate_as_n,max_detected_per_well_all_dates,14.0,mg/L,4/12/2017,,,18,10.0,MCL (health-based),1.4,"Table 4, pp. 31-39 (values); 39 (MCL row)",VERIFIED (computed from raw transcription),n_nondetect=0
groundwater,06A2542ct_TO97_GW Rpt_final.20230308.pdf,MW-5,arsenic,min_detected_per_well_all_dates,1.5,ug/L,4/12/2018,,,16,10.0,MCL,,"Table 3, pp. 21-29 (values); 30 (footnote key); 29 (MCL row)",VERIFIED (computed from raw transcription),n_nondetect=2
groundwater,06A2542ct_TO97_GW Rpt_final.20230308.pdf,MW-5,arsenic,max_detected_per_well_all_dates,2.9,ug/L,11/29/2012,,,16,10.0,MCL,0.29,"Table 3, pp. 21-29 (values); 30 (footnote key); 29 (MCL row)",VERIFIED (computed from raw transcription),n_nondetect=2
groundwater,06A2542ct_TO97_GW Rpt_final.20230308.pdf,MW-5,barium,min_detected_per_well_all_dates,230.0,ug/L,6/6/2013,,,16,1000.0,MCL,,"Table 3, pp. 21-29 (values); 30 (footnote key); 29 (MCL row)",VERIFIED (computed from raw transcription),n_nondetect=0
groundwater,06A2542ct_TO97_GW Rpt_final.20230308.pdf,MW-5,barium,max_detected_per_well_all_dates,410.0,ug/L,10/5/2006,,,16,1000.0,MCL,0.41,"Table 3, pp. 21-29 (values); 30 (footnote key); 29 (MCL row)",VERIFIED (computed from raw transcription),n_nondetect=0
groundwater,06A2542ct_TO97_GW Rpt_final.20230308.pdf,MW-5,lead,min_detected_per_well_all_dates,0.32,ug/L,4/12/2018,,,16,15.0,Regulatory Action Level (California Department of Public Health; NOT an MCL per Table 3 footnote 3),,"Table 3, pp. 21-29 (values); 30 (footnote key); 29 (MCL row)",VERIFIED (computed from raw transcription),n_nondetect=14
groundwater,06A2542ct_TO97_GW Rpt_final.20230308.pdf,MW-5,lead,max_detected_per_well_all_dates,1.4,ug/L,6/14/2006,,,16,15.0,Regulatory Action Level (California Department of Public Health; NOT an MCL per Table 3 footnote 3),0.093,"Table 3, pp. 21-29 (values); 30 (footnote key); 29 (MCL row)",VERIFIED (computed from raw transcription),n_nondetect=14
groundwater,06A2542ct_TO97_GW Rpt_final.20230308.pdf,MW-5,manganese,min_detected_per_well_all_dates,18.0,ug/L,5/17/2012,,,16,50.0,Secondary MCL,,"Table 3, pp. 21-29 (values); 30 (footnote key); 29 (MCL row)",VERIFIED (computed from raw transcription),n_nondetect=12
groundwater,06A2542ct_TO97_GW Rpt_final.20230308.pdf,MW-5,manganese,max_detected_per_well_all_dates,260.0,ug/L,6/14/2006,,,16,50.0,Secondary MCL,5.2,"Table 3, pp. 21-29 (values); 30 (footnote key); 29 (MCL row)",VERIFIED (computed from raw transcription),n_nondetect=12
groundwater,06A2542ct_TO97_GW Rpt_final.20230308.pdf,MW-5,strontium,min_detected_per_well_all_dates,790.0,ug/L,12/12/2013,,,14,4000.0,EPA Drinking Water Health Advisory (footnote 4; NOT an MCL),,"Table 3, pp. 21-29 (values); 30 (footnote key); 29 (MCL row)",VERIFIED (computed from raw transcription),n_nondetect=0
groundwater,06A2542ct_TO97_GW Rpt_final.20230308.pdf,MW-5,strontium,max_detected_per_well_all_dates,1400.0,ug/L,5/17/2012,,,14,4000.0,EPA Drinking Water Health Advisory (footnote 4; NOT an MCL),0.35,"Table 3, pp. 21-29 (values); 30 (footnote key); 29 (MCL row)",VERIFIED (computed from raw transcription),n_nondetect=0
groundwater,06A2542ct_TO97_GW Rpt_final.20230308.pdf,MW-5,nitrate_as_n,min_detected_per_well_all_dates,8.3,mg/L,6/14/2006,,,16,10.0,MCL (health-based),,"Table 4, pp. 31-39 (values); 39 (MCL row)",VERIFIED (computed from raw transcription),n_nondetect=0
groundwater,06A2542ct_TO97_GW Rpt_final.20230308.pdf,MW-5,nitrate_as_n,max_detected_per_well_all_dates,40.0,mg/L,4/9/2019,,,16,10.0,MCL (health-based),4.0,"Table 4, pp. 31-39 (values); 39 (MCL row)",VERIFIED (computed from raw transcription),n_nondetect=0
groundwater,06A2542ct_TO97_GW Rpt_final.20230308.pdf,MW-6,arsenic,min_detected_per_well_all_dates,2.1,ug/L,4/12/2018,,,16,10.0,MCL,,"Table 3, pp. 21-29 (values); 30 (footnote key); 29 (MCL row)",VERIFIED (computed from raw transcription),n_nondetect=2
groundwater,06A2542ct_TO97_GW Rpt_final.20230308.pdf,MW-6,arsenic,max_detected_per_well_all_dates,6.3,ug/L,7/17/2012,,,16,10.0,MCL,0.63,"Table 3, pp. 21-29 (values); 30 (footnote key); 29 (MCL row)",VERIFIED (computed from raw transcription),n_nondetect=2
groundwater,06A2542ct_TO97_GW Rpt_final.20230308.pdf,MW-6,barium,min_detected_per_well_all_dates,76.0,ug/L,6/6/2013,,,18,1000.0,MCL,,"Table 3, pp. 21-29 (values); 30 (footnote key); 29 (MCL row)",VERIFIED (computed from raw transcription),n_nondetect=0
groundwater,06A2542ct_TO97_GW Rpt_final.20230308.pdf,MW-6,barium,max_detected_per_well_all_dates,160.0,ug/L,6/14/2006,,,18,1000.0,MCL,0.16,"Table 3, pp. 21-29 (values); 30 (footnote key); 29 (MCL row)",VERIFIED (computed from raw transcription),n_nondetect=0
groundwater,06A2542ct_TO97_GW Rpt_final.20230308.pdf,MW-6,lead,min_detected_per_well_all_dates,1.3,ug/L,12/12/2013,,,16,15.0,Regulatory Action Level (California Department of Public Health; NOT an MCL per Table 3 footnote 3),,"Table 3, pp. 21-29 (values); 30 (footnote key); 29 (MCL row)",VERIFIED (computed from raw transcription),n_nondetect=14
groundwater,06A2542ct_TO97_GW Rpt_final.20230308.pdf,MW-6,lead,max_detected_per_well_all_dates,3.4,ug/L,6/14/2006,,,16,15.0,Regulatory Action Level (California Department of Public Health; NOT an MCL per Table 3 footnote 3),0.227,"Table 3, pp. 21-29 (values); 30 (footnote key); 29 (MCL row)",VERIFIED (computed from raw transcription),n_nondetect=14
groundwater,06A2542ct_TO97_GW Rpt_final.20230308.pdf,MW-6,manganese,min_detected_per_well_all_dates,5.0,ug/L,9/5/2013,,,16,50.0,Secondary MCL,,"Table 3, pp. 21-29 (values); 30 (footnote key); 29 (MCL row)",VERIFIED (computed from raw transcription),n_nondetect=3
groundwater,06A2542ct_TO97_GW Rpt_final.20230308.pdf,MW-6,manganese,max_detected_per_well_all_dates,190.0,ug/L,6/14/2006,,,16,50.0,Secondary MCL,3.8,"Table 3, pp. 21-29 (values); 30 (footnote key); 29 (MCL row)",VERIFIED (computed from raw transcription),n_nondetect=3
groundwater,06A2542ct_TO97_GW Rpt_final.20230308.pdf,MW-6,strontium,min_detected_per_well_all_dates,550.0,ug/L,6/5/2014,,,16,4000.0,EPA Drinking Water Health Advisory (footnote 4; NOT an MCL),,"Table 3, pp. 21-29 (values); 30 (footnote key); 29 (MCL row)",VERIFIED (computed from raw transcription),n_nondetect=0
groundwater,06A2542ct_TO97_GW Rpt_final.20230308.pdf,MW-6,strontium,max_detected_per_well_all_dates,1100.0,ug/L,7/17/2012,,,16,4000.0,EPA Drinking Water Health Advisory (footnote 4; NOT an MCL),0.275,"Table 3, pp. 21-29 (values); 30 (footnote key); 29 (MCL row)",VERIFIED (computed from raw transcription),n_nondetect=0
groundwater,06A2542ct_TO97_GW Rpt_final.20230308.pdf,MW-6,nitrate_as_n,min_detected_per_well_all_dates,12.0,mg/L,6/14/2006,,,16,10.0,MCL (health-based),,"Table 4, pp. 31-39 (values); 39 (MCL row)",VERIFIED (computed from raw transcription),n_nondetect=0
groundwater,06A2542ct_TO97_GW Rpt_final.20230308.pdf,MW-6,nitrate_as_n,max_detected_per_well_all_dates,23.0,mg/L,6/6/2013,,,16,10.0,MCL (health-based),2.3,"Table 4, pp. 31-39 (values); 39 (MCL row)",VERIFIED (computed from raw transcription),n_nondetect=0
groundwater,06A2542ct_TO97_GW Rpt_final.20230308.pdf,MW-7,arsenic,min_detected_per_well_all_dates,1.4,ug/L,9/5/2013,,,20,10.0,MCL,,"Table 3, pp. 21-29 (values); 30 (footnote key); 29 (MCL row)",VERIFIED (computed from raw transcription),n_nondetect=2
groundwater,06A2542ct_TO97_GW Rpt_final.20230308.pdf,MW-7,arsenic,max_detected_per_well_all_dates,4.0,ug/L,3/18/2013,,,20,10.0,MCL,0.4,"Table 3, pp. 21-29 (values); 30 (footnote key); 29 (MCL row)",VERIFIED (computed from raw transcription),n_nondetect=2
groundwater,06A2542ct_TO97_GW Rpt_final.20230308.pdf,MW-7,barium,min_detected_per_well_all_dates,63.0,ug/L,5/17/2012,,,20,1000.0,MCL,,"Table 3, pp. 21-29 (values); 30 (footnote key); 29 (MCL row)",VERIFIED (computed from raw transcription),n_nondetect=0
groundwater,06A2542ct_TO97_GW Rpt_final.20230308.pdf,MW-7,barium,max_detected_per_well_all_dates,150.0,ug/L,3/18/2013,,,20,1000.0,MCL,0.15,"Table 3, pp. 21-29 (values); 30 (footnote key); 29 (MCL row)",VERIFIED (computed from raw transcription),n_nondetect=0
groundwater,06A2542ct_TO97_GW Rpt_final.20230308.pdf,MW-7,lead,min_detected_per_well_all_dates,2.5,ug/L,3/18/2013,,,20,15.0,Regulatory Action Level (California Department of Public Health; NOT an MCL per Table 3 footnote 3),,"Table 3, pp. 21-29 (values); 30 (footnote key); 29 (MCL row)",VERIFIED (computed from raw transcription),n_nondetect=19
groundwater,06A2542ct_TO97_GW Rpt_final.20230308.pdf,MW-7,lead,max_detected_per_well_all_dates,2.5,ug/L,3/18/2013,,,20,15.0,Regulatory Action Level (California Department of Public Health; NOT an MCL per Table 3 footnote 3),0.167,"Table 3, pp. 21-29 (values); 30 (footnote key); 29 (MCL row)",VERIFIED (computed from raw transcription),n_nondetect=19
groundwater,06A2542ct_TO97_GW Rpt_final.20230308.pdf,MW-7,manganese,min_detected_per_well_all_dates,1.1,ug/L,10/4/2006,,,20,50.0,Secondary MCL,,"Table 3, pp. 21-29 (values); 30 (footnote key); 29 (MCL row)",VERIFIED (computed from raw transcription),n_nondetect=15
groundwater,06A2542ct_TO97_GW Rpt_final.20230308.pdf,MW-7,manganese,max_detected_per_well_all_dates,260.0,ug/L,3/18/2013,,,20,50.0,Secondary MCL,5.2,"Table 3, pp. 21-29 (values); 30 (footnote key); 29 (MCL row)",VERIFIED (computed from raw transcription),n_nondetect=15
groundwater,06A2542ct_TO97_GW Rpt_final.20230308.pdf,MW-7,strontium,min_detected_per_well_all_dates,590.0,ug/L,5/17/2012,,,18,4000.0,EPA Drinking Water Health Advisory (footnote 4; NOT an MCL),,"Table 3, pp. 21-29 (values); 30 (footnote key); 29 (MCL row)",VERIFIED (computed from raw transcription),n_nondetect=0
groundwater,06A2542ct_TO97_GW Rpt_final.20230308.pdf,MW-7,strontium,max_detected_per_well_all_dates,1100.0,ug/L,5/2/2016,,,18,4000.0,EPA Drinking Water Health Advisory (footnote 4; NOT an MCL),0.275,"Table 3, pp. 21-29 (values); 30 (footnote key); 29 (MCL row)",VERIFIED (computed from raw transcription),n_nondetect=0
groundwater,06A2542ct_TO97_GW Rpt_final.20230308.pdf,MW-7,nitrate_as_n,min_detected_per_well_all_dates,2.5,mg/L,5/17/2012,,,20,10.0,MCL (health-based),,"Table 4, pp. 31-39 (values); 39 (MCL row)",VERIFIED (computed from raw transcription),n_nondetect=0
groundwater,06A2542ct_TO97_GW Rpt_final.20230308.pdf,MW-7,nitrate_as_n,max_detected_per_well_all_dates,8.7,mg/L,5/2/2016,,,20,10.0,MCL (health-based),0.87,"Table 4, pp. 31-39 (values); 39 (MCL row)",VERIFIED (computed from raw transcription),n_nondetect=0
groundwater,06A2542ct_TO97_GW Rpt_final.20230308.pdf,MW-8,arsenic,min_detected_per_well_all_dates,2.5,ug/L,9/5/2013,,,16,10.0,MCL,,"Table 3, pp. 21-29 (values); 30 (footnote key); 29 (MCL row)",VERIFIED (computed from raw transcription),n_nondetect=2
groundwater,06A2542ct_TO97_GW Rpt_final.20230308.pdf,MW-8,arsenic,max_detected_per_well_all_dates,4.2,ug/L,1/23/2013,,,16,10.0,MCL,0.42,"Table 3, pp. 21-29 (values); 30 (footnote key); 29 (MCL row)",VERIFIED (computed from raw transcription),n_nondetect=2
groundwater,06A2542ct_TO97_GW Rpt_final.20230308.pdf,MW-8,barium,min_detected_per_well_all_dates,39.0,ug/L,3/12/2012,,,16,1000.0,MCL,,"Table 3, pp. 21-29 (values); 30 (footnote key); 29 (MCL row)",VERIFIED (computed from raw transcription),n_nondetect=0
groundwater,06A2542ct_TO97_GW Rpt_final.20230308.pdf,MW-8,barium,max_detected_per_well_all_dates,130.0,ug/L,4/11/2018,,,16,1000.0,MCL,0.13,"Table 3, pp. 21-29 (values); 30 (footnote key); 29 (MCL row)",VERIFIED (computed from raw transcription),n_nondetect=0
groundwater,06A2542ct_TO97_GW Rpt_final.20230308.pdf,MW-8,lead,min_detected_per_well_all_dates,0.76,ug/L,4/11/2018,,,16,15.0,Regulatory Action Level (California Department of Public Health; NOT an MCL per Table 3 footnote 3),,"Table 3, pp. 21-29 (values); 30 (footnote key); 29 (MCL row)",VERIFIED (computed from raw transcription),n_nondetect=15
groundwater,06A2542ct_TO97_GW Rpt_final.20230308.pdf,MW-8,lead,max_detected_per_well_all_dates,0.76,ug/L,4/11/2018,,,16,15.0,Regulatory Action Level (California Department of Public Health; NOT an MCL per Table 3 footnote 3),0.051,"Table 3, pp. 21-29 (values); 30 (footnote key); 29 (MCL row)",VERIFIED (computed from raw transcription),n_nondetect=15
groundwater,06A2542ct_TO97_GW Rpt_final.20230308.pdf,MW-8,manganese,min_detected_per_well_all_dates,1.0,ug/L,10/4/2006,,,16,50.0,Secondary MCL,,"Table 3, pp. 21-29 (values); 30 (footnote key); 29 (MCL row)",VERIFIED (computed from raw transcription),n_nondetect=8
groundwater,06A2542ct_TO97_GW Rpt_final.20230308.pdf,MW-8,manganese,max_detected_per_well_all_dates,410.0,ug/L,4/11/2018,,,16,50.0,Secondary MCL,8.2,"Table 3, pp. 21-29 (values); 30 (footnote key); 29 (MCL row)",VERIFIED (computed from raw transcription),n_nondetect=8
groundwater,06A2542ct_TO97_GW Rpt_final.20230308.pdf,MW-8,strontium,min_detected_per_well_all_dates,180.0,ug/L,3/12/2012,,,14,4000.0,EPA Drinking Water Health Advisory (footnote 4; NOT an MCL),,"Table 3, pp. 21-29 (values); 30 (footnote key); 29 (MCL row)",VERIFIED (computed from raw transcription),n_nondetect=0
groundwater,06A2542ct_TO97_GW Rpt_final.20230308.pdf,MW-8,strontium,max_detected_per_well_all_dates,450.0,ug/L,11/29/2012,,,14,4000.0,EPA Drinking Water Health Advisory (footnote 4; NOT an MCL),0.113,"Table 3, pp. 21-29 (values); 30 (footnote key); 29 (MCL row)",VERIFIED (computed from raw transcription),n_nondetect=0
groundwater,06A2542ct_TO97_GW Rpt_final.20230308.pdf,MW-8,nitrate_as_n,min_detected_per_well_all_dates,3.6,mg/L,1/23/2013,,,16,10.0,MCL (health-based),,"Table 4, pp. 31-39 (values); 39 (MCL row)",VERIFIED (computed from raw transcription),n_nondetect=0
groundwater,06A2542ct_TO97_GW Rpt_final.20230308.pdf,MW-8,nitrate_as_n,max_detected_per_well_all_dates,11.0,mg/L,11/29/2012,,,16,10.0,MCL (health-based),1.1,"Table 4, pp. 31-39 (values); 39 (MCL row)",VERIFIED (computed from raw transcription),n_nondetect=0
groundwater,06A2542ct_TO97_GW Rpt_final.20230308.pdf,MW-9,arsenic,min_detected_per_well_all_dates,1.8,ug/L,6/4/2014,,,12,10.0,MCL,,"Table 3, pp. 21-29 (values); 30 (footnote key); 29 (MCL row)",VERIFIED (computed from raw transcription),n_nondetect=0
groundwater,06A2542ct_TO97_GW Rpt_final.20230308.pdf,MW-9,arsenic,max_detected_per_well_all_dates,3.3,ug/L,2/26/2014,,,12,10.0,MCL,0.33,"Table 3, pp. 21-29 (values); 30 (footnote key); 29 (MCL row)",VERIFIED (computed from raw transcription),n_nondetect=0
groundwater,06A2542ct_TO97_GW Rpt_final.20230308.pdf,MW-9,barium,min_detected_per_well_all_dates,51.0,ug/L,7/17/2012,,,13,1000.0,MCL,,"Table 3, pp. 21-29 (values); 30 (footnote key); 29 (MCL row)",VERIFIED (computed from raw transcription),n_nondetect=0
groundwater,06A2542ct_TO97_GW Rpt_final.20230308.pdf,MW-9,barium,max_detected_per_well_all_dates,180.0,ug/L,2/28/2020,,,13,1000.0,MCL,0.18,"Table 3, pp. 21-29 (values); 30 (footnote key); 29 (MCL row)",VERIFIED (computed from raw transcription),n_nondetect=0
groundwater,06A2542ct_TO97_GW Rpt_final.20230308.pdf,MW-9,manganese,min_detected_per_well_all_dates,3.0,ug/L,4/11/2018,,,12,50.0,Secondary MCL,,"Table 3, pp. 21-29 (values); 30 (footnote key); 29 (MCL row)",VERIFIED (computed from raw transcription),n_nondetect=8
groundwater,06A2542ct_TO97_GW Rpt_final.20230308.pdf,MW-9,manganese,max_detected_per_well_all_dates,73.0,ug/L,9/19/2012,,,12,50.0,Secondary MCL,1.46,"Table 3, pp. 21-29 (values); 30 (footnote key); 29 (MCL row)",VERIFIED (computed from raw transcription),n_nondetect=8
groundwater,06A2542ct_TO97_GW Rpt_final.20230308.pdf,MW-9,strontium,min_detected_per_well_all_dates,690.0,ug/L,9/5/2013,,,13,4000.0,EPA Drinking Water Health Advisory (footnote 4; NOT an MCL),,"Table 3, pp. 21-29 (values); 30 (footnote key); 29 (MCL row)",VERIFIED (computed from raw transcription),n_nondetect=0
groundwater,06A2542ct_TO97_GW Rpt_final.20230308.pdf,MW-9,strontium,max_detected_per_well_all_dates,1100.0,ug/L,2/28/2020,,,13,4000.0,EPA Drinking Water Health Advisory (footnote 4; NOT an MCL),0.275,"Table 3, pp. 21-29 (values); 30 (footnote key); 29 (MCL row)",VERIFIED (computed from raw transcription),n_nondetect=0
groundwater,06A2542ct_TO97_GW Rpt_final.20230308.pdf,MW-9,nitrate_as_n,min_detected_per_well_all_dates,7.0,mg/L,9/5/2013,,,12,10.0,MCL (health-based),,"Table 4, pp. 31-39 (values); 39 (MCL row)",VERIFIED (computed from raw transcription),n_nondetect=0
groundwater,06A2542ct_TO97_GW Rpt_final.20230308.pdf,MW-9,nitrate_as_n,max_detected_per_well_all_dates,13.0,mg/L,6/20/2012,,,12,10.0,MCL (health-based),1.3,"Table 4, pp. 31-39 (values); 39 (MCL row)",VERIFIED (computed from raw transcription),n_nondetect=0
groundwater,06A2542ct_TO97_GW Rpt_final.20230308.pdf,ALL_WELLS,arsenic,min_detected_overall_2006_2023,1.1,ug/L,6/4/2014,,,165,10.0,MCL,,"Table 3, pp. 21-29 (values); 30 (footnote key); 29 (MCL row)",VERIFIED (computed from raw transcription),n_nondetect=18
groundwater,06A2542ct_TO97_GW Rpt_final.20230308.pdf,ALL_WELLS,arsenic,max_detected_overall_2006_2023,9.9,ug/L,10/4/2006,,,165,10.0,MCL,0.99,"Table 3, pp. 21-29 (values); 30 (footnote key); 29 (MCL row)",VERIFIED (computed from raw transcription),n_nondetect=18
groundwater,06A2542ct_TO97_GW Rpt_final.20230308.pdf,ALL_WELLS,barium,min_detected_overall_2006_2023,33.0,ug/L,4/12/2017,,,170,1000.0,MCL,,"Table 3, pp. 21-29 (values); 30 (footnote key); 29 (MCL row)",VERIFIED (computed from raw transcription),n_nondetect=0
groundwater,06A2542ct_TO97_GW Rpt_final.20230308.pdf,ALL_WELLS,barium,max_detected_overall_2006_2023,410.0,ug/L,10/5/2006,,,170,1000.0,MCL,0.41,"Table 3, pp. 21-29 (values); 30 (footnote key); 29 (MCL row)",VERIFIED (computed from raw transcription),n_nondetect=0
groundwater,06A2542ct_TO97_GW Rpt_final.20230308.pdf,ALL_WELLS,lead,min_detected_overall_2006_2023,0.32,ug/L,4/12/2018,,,165,15.0,Regulatory Action Level (California Department of Public Health; NOT an MCL per Table 3 footnote 3),,"Table 3, pp. 21-29 (values); 30 (footnote key); 29 (MCL row)",VERIFIED (computed from raw transcription),n_nondetect=157
groundwater,06A2542ct_TO97_GW Rpt_final.20230308.pdf,ALL_WELLS,lead,max_detected_overall_2006_2023,3.4,ug/L,6/14/2006,,,165,15.0,Regulatory Action Level (California Department of Public Health; NOT an MCL per Table 3 footnote 3),0.227,"Table 3, pp. 21-29 (values); 30 (footnote key); 29 (MCL row)",VERIFIED (computed from raw transcription),n_nondetect=157
groundwater,06A2542ct_TO97_GW Rpt_final.20230308.pdf,ALL_WELLS,manganese,min_detected_overall_2006_2023,1.0,ug/L,10/4/2006,,,165,50.0,Secondary MCL,,"Table 3, pp. 21-29 (values); 30 (footnote key); 29 (MCL row)",VERIFIED (computed from raw transcription),n_nondetect=101
groundwater,06A2542ct_TO97_GW Rpt_final.20230308.pdf,ALL_WELLS,manganese,max_detected_overall_2006_2023,410.0,ug/L,4/11/2018,,,165,50.0,Secondary MCL,8.2,"Table 3, pp. 21-29 (values); 30 (footnote key); 29 (MCL row)",VERIFIED (computed from raw transcription),n_nondetect=101
groundwater,06A2542ct_TO97_GW Rpt_final.20230308.pdf,ALL_WELLS,strontium,min_detected_overall_2006_2023,180.0,ug/L,3/12/2012,,,154,4000.0,EPA Drinking Water Health Advisory (footnote 4; NOT an MCL),,"Table 3, pp. 21-29 (values); 30 (footnote key); 29 (MCL row)",VERIFIED (computed from raw transcription),n_nondetect=0
groundwater,06A2542ct_TO97_GW Rpt_final.20230308.pdf,ALL_WELLS,strontium,max_detected_overall_2006_2023,1400.0,ug/L,4/12/2018,,,154,4000.0,EPA Drinking Water Health Advisory (footnote 4; NOT an MCL),0.35,"Table 3, pp. 21-29 (values); 30 (footnote key); 29 (MCL row)",VERIFIED (computed from raw transcription),n_nondetect=0
groundwater,06A2542ct_TO97_GW Rpt_final.20230308.pdf,ALL_WELLS,nitrate_as_n,min_detected_overall_2006_2023,2.1,mg/L,4/12/2018,,,165,10.0,MCL (health-based),,"Table 4, pp. 31-39 (values); 39 (MCL row)",VERIFIED (computed from raw transcription),n_nondetect=0
groundwater,06A2542ct_TO97_GW Rpt_final.20230308.pdf,ALL_WELLS,nitrate_as_n,max_detected_overall_2006_2023,40.0,mg/L,4/9/2019,,,165,10.0,MCL (health-based),4.0,"Table 4, pp. 31-39 (values); 39 (MCL row)",VERIFIED (computed from raw transcription),n_nondetect=0
groundwater,06A2542ct_TO97_GW Rpt_final.20230308.pdf,ALL_WELLS,arsenic,min_detected_overall_2012_2019,1.1,ug/L,6/4/2014,,,149,10.0,MCL,,"Table 3, pp. 21-29 (values); 30 (footnote key); 29 (MCL row)",VERIFIED (computed from raw transcription),n_nondetect=18
groundwater,06A2542ct_TO97_GW Rpt_final.20230308.pdf,ALL_WELLS,arsenic,max_detected_overall_2012_2019,6.6,ug/L,7/16/2012,,,149,10.0,MCL,0.66,"Table 3, pp. 21-29 (values); 30 (footnote key); 29 (MCL row)",VERIFIED (computed from raw transcription),n_nondetect=18
groundwater,06A2542ct_TO97_GW Rpt_final.20230308.pdf,ALL_WELLS,barium,min_detected_overall_2012_2019,33.0,ug/L,4/12/2017,,,149,1000.0,MCL,,"Table 3, pp. 21-29 (values); 30 (footnote key); 29 (MCL row)",VERIFIED (computed from raw transcription),n_nondetect=0
groundwater,06A2542ct_TO97_GW Rpt_final.20230308.pdf,ALL_WELLS,barium,max_detected_overall_2012_2019,370.0,ug/L,4/9/2019,,,149,1000.0,MCL,0.37,"Table 3, pp. 21-29 (values); 30 (footnote key); 29 (MCL row)",VERIFIED (computed from raw transcription),n_nondetect=0
groundwater,06A2542ct_TO97_GW Rpt_final.20230308.pdf,ALL_WELLS,lead,min_detected_overall_2012_2019,0.32,ug/L,4/12/2018,,,149,15.0,Regulatory Action Level (California Department of Public Health; NOT an MCL per Table 3 footnote 3),,"Table 3, pp. 21-29 (values); 30 (footnote key); 29 (MCL row)",VERIFIED (computed from raw transcription),n_nondetect=143
groundwater,06A2542ct_TO97_GW Rpt_final.20230308.pdf,ALL_WELLS,lead,max_detected_overall_2012_2019,2.5,ug/L,3/18/2013,,,149,15.0,Regulatory Action Level (California Department of Public Health; NOT an MCL per Table 3 footnote 3),0.167,"Table 3, pp. 21-29 (values); 30 (footnote key); 29 (MCL row)",VERIFIED (computed from raw transcription),n_nondetect=143
groundwater,06A2542ct_TO97_GW Rpt_final.20230308.pdf,ALL_WELLS,manganese,min_detected_overall_2012_2019,1.3,ug/L,4/12/2017,,,149,50.0,Secondary MCL,,"Table 3, pp. 21-29 (values); 30 (footnote key); 29 (MCL row)",VERIFIED (computed from raw transcription),n_nondetect=100
groundwater,06A2542ct_TO97_GW Rpt_final.20230308.pdf,ALL_WELLS,manganese,max_detected_overall_2012_2019,410.0,ug/L,4/11/2018,,,149,50.0,Secondary MCL,8.2,"Table 3, pp. 21-29 (values); 30 (footnote key); 29 (MCL row)",VERIFIED (computed from raw transcription),n_nondetect=100
groundwater,06A2542ct_TO97_GW Rpt_final.20230308.pdf,ALL_WELLS,strontium,min_detected_overall_2012_2019,180.0,ug/L,3/12/2012,,,149,4000.0,EPA Drinking Water Health Advisory (footnote 4; NOT an MCL),,"Table 3, pp. 21-29 (values); 30 (footnote key); 29 (MCL row)",VERIFIED (computed from raw transcription),n_nondetect=0
groundwater,06A2542ct_TO97_GW Rpt_final.20230308.pdf,ALL_WELLS,strontium,max_detected_overall_2012_2019,1400.0,ug/L,4/12/2018,,,149,4000.0,EPA Drinking Water Health Advisory (footnote 4; NOT an MCL),0.35,"Table 3, pp. 21-29 (values); 30 (footnote key); 29 (MCL row)",VERIFIED (computed from raw transcription),n_nondetect=0
groundwater,06A2542ct_TO97_GW Rpt_final.20230308.pdf,ALL_WELLS,nitrate_as_n,min_detected_overall_2012_2019,2.1,mg/L,4/12/2018,,,149,10.0,MCL (health-based),,"Table 4, pp. 31-39 (values); 39 (MCL row)",VERIFIED (computed from raw transcription),n_nondetect=0
groundwater,06A2542ct_TO97_GW Rpt_final.20230308.pdf,ALL_WELLS,nitrate_as_n,max_detected_overall_2012_2019,40.0,mg/L,4/9/2019,,,149,10.0,MCL (health-based),4.0,"Table 4, pp. 31-39 (values); 39 (MCL row)",VERIFIED (computed from raw transcription),n_nondetect=0
soil,S9525-06-44 Modesto Stockpiles SSI Report Rev.0313.pdf,Stockpile 1 - East End,Barium,min_detected,170.0,mg/kg,2012 SSI,0.0,,4,,,,SSI Report Table 2/3,VERIFIED (computed from raw transcription),sample_id=PB6-0.0; 
soil,S9525-06-44 Modesto Stockpiles SSI Report Rev.0313.pdf,Stockpile 1 - East End,Barium,max_detected,210.0,mg/kg,2012 SSI,0.0,,4,TTLC=10000; 10x STLC=1000; CHHSL (industrial)=63000; CHHSL (residential)=5200,,TTLC=0.021; 10x STLC=0.21; CHHSL (industrial)=0.0033; CHHSL (residential)=0.0404,SSI Report Table 2/3,VERIFIED (computed from raw transcription),sample_id=PB7-0.0; 
soil,S9525-06-44 Modesto Stockpiles SSI Report Rev.0313.pdf,Stockpile 1 - NORTH SIDE,Arsenic,min_detected,0.25,mg/kg,2012 SSI,3.0,,8,,,,SSI Report Table 2/3,VERIFIED (computed from raw transcription),sample_id=FB1-3.0; 
soil,S9525-06-44 Modesto Stockpiles SSI Report Rev.0313.pdf,Stockpile 1 - NORTH SIDE,Arsenic,max_detected,1.0,mg/kg,2012 SSI,4.0,,8,TTLC=500; 10x STLC=50; CHHSL (industrial)=0.24; CHHSL (residential)=0.07,,TTLC=0.002; 10x STLC=0.02; CHHSL (industrial)=4.1667; CHHSL (residential)=14.2857,SSI Report Table 2/3,VERIFIED (computed from raw transcription),sample_id=FB2-4.0; 
soil,S9525-06-44 Modesto Stockpiles SSI Report Rev.0313.pdf,Stockpile 1 - NORTH SIDE,Barium,min_detected,43.0,mg/kg,2012 SSI,4.0,,8,,,,SSI Report Table 2/3,VERIFIED (computed from raw transcription),sample_id=FB2-4.0; 
soil,S9525-06-44 Modesto Stockpiles SSI Report Rev.0313.pdf,Stockpile 1 - NORTH SIDE,Barium,max_detected,240.0,mg/kg,2012 SSI,0.0,,8,TTLC=10000; 10x STLC=1000; CHHSL (industrial)=63000; CHHSL (residential)=5200,,TTLC=0.024; 10x STLC=0.24; CHHSL (industrial)=0.0038; CHHSL (residential)=0.0462,SSI Report Table 2/3,VERIFIED (computed from raw transcription),sample_id=FB4-0.0; 
soil,S9525-06-44 Modesto Stockpiles SSI Report Rev.0313.pdf,Stockpile 1 - NORTH SIDE,Lead,min_detected,1.1,mg/kg,2012 SSI,4.0,,8,,,,SSI Report Table 2/3,VERIFIED (computed from raw transcription),sample_id=FB2-4.0; 
soil,S9525-06-44 Modesto Stockpiles SSI Report Rev.0313.pdf,Stockpile 1 - NORTH SIDE,Lead,max_detected,16.0,mg/kg,2012 SSI,0.0,,8,TTLC=1000; 10x STLC=250; CHHSL (industrial)=320; CHHSL (residential)=80,,TTLC=0.016; 10x STLC=0.064; CHHSL (industrial)=0.05; CHHSL (residential)=0.2,SSI Report Table 2/3,VERIFIED (computed from raw transcription),sample_id=FB2-0.0; 
soil,S9525-06-44 Modesto Stockpiles SSI Report Rev.0313.pdf,Stockpile 1 - NORTH SIDE,Strontium,min_detected,18.0,mg/kg,2012 SSI,4.0,,8,,,,SSI Report Table 2/3,VERIFIED (computed from raw transcription),sample_id=FB3-4.0; 
soil,S9525-06-44 Modesto Stockpiles SSI Report Rev.0313.pdf,Stockpile 1 - NORTH SIDE,Strontium,max_detected,61.0,mg/kg,2012 SSI,0.0,,8,CHHSL (industrial)=610000; CHHSL (residential) / USEPA RSL=47000,,CHHSL (industrial)=0.0001; CHHSL (residential) / USEPA RSL=0.0013,SSI Report Table 2/3,VERIFIED (computed from raw transcription),sample_id=FB4-0.0; 
soil,S9525-06-44 Modesto Stockpiles SSI Report Rev.0313.pdf,Stockpile 1 - SOUTH SIDE,Arsenic,min_detected,0.31,mg/kg,2012 SSI,4.0,,10,,,,SSI Report Table 2/3,VERIFIED (computed from raw transcription),sample_id=FB8-4.0; 
soil,S9525-06-44 Modesto Stockpiles SSI Report Rev.0313.pdf,Stockpile 1 - SOUTH SIDE,Arsenic,max_detected,1.3,mg/kg,2012 SSI,0.0,,10,TTLC=500; 10x STLC=50; CHHSL (industrial)=0.24; CHHSL (residential)=0.07,,TTLC=0.0026; 10x STLC=0.026; CHHSL (industrial)=5.4167; CHHSL (residential)=18.5714,SSI Report Table 2/3,VERIFIED (computed from raw transcription),sample_id=FB5-0.0; 
soil,S9525-06-44 Modesto Stockpiles SSI Report Rev.0313.pdf,Stockpile 1 - SOUTH SIDE,Barium,min_detected,52.0,mg/kg,2012 SSI,4.0,,10,,,,SSI Report Table 2/3,VERIFIED (computed from raw transcription),sample_id=FB5-4.0; 
soil,S9525-06-44 Modesto Stockpiles SSI Report Rev.0313.pdf,Stockpile 1 - SOUTH SIDE,Barium,max_detected,200.0,mg/kg,2012 SSI,0.0,,10,TTLC=10000; 10x STLC=1000; CHHSL (industrial)=63000; CHHSL (residential)=5200,,TTLC=0.02; 10x STLC=0.2; CHHSL (industrial)=0.0032; CHHSL (residential)=0.0385,SSI Report Table 2/3,VERIFIED (computed from raw transcription),sample_id=FB5-0.0; 
soil,S9525-06-44 Modesto Stockpiles SSI Report Rev.0313.pdf,Stockpile 1 - SOUTH SIDE,Lead,min_detected,1.5,mg/kg,2012 SSI,4.0,,10,,,,SSI Report Table 2/3,VERIFIED (computed from raw transcription),sample_id=FB8-4.0; 
soil,S9525-06-44 Modesto Stockpiles SSI Report Rev.0313.pdf,Stockpile 1 - SOUTH SIDE,Lead,max_detected,17.0,mg/kg,2012 SSI,0.0,,10,TTLC=1000; 10x STLC=250; CHHSL (industrial)=320; CHHSL (residential)=80,,TTLC=0.017; 10x STLC=0.068; CHHSL (industrial)=0.0531; CHHSL (residential)=0.2125,SSI Report Table 2/3,VERIFIED (computed from raw transcription),sample_id=FB5-0.0; 
soil,S9525-06-44 Modesto Stockpiles SSI Report Rev.0313.pdf,Stockpile 1 - SOUTH SIDE,Strontium,min_detected,27.0,mg/kg,2012 SSI,0.0,,10,,,,SSI Report Table 2/3,VERIFIED (computed from raw transcription),sample_id=FB7-0.0; 
soil,S9525-06-44 Modesto Stockpiles SSI Report Rev.0313.pdf,Stockpile 1 - SOUTH SIDE,Strontium,max_detected,190.0,mg/kg,2012 SSI,4.0,,10,CHHSL (industrial)=610000; CHHSL (residential) / USEPA RSL=47000,,CHHSL (industrial)=0.0003; CHHSL (residential) / USEPA RSL=0.004,SSI Report Table 2/3,VERIFIED (computed from raw transcription),sample_id=FB9-4.0; 
soil,S9525-06-44 Modesto Stockpiles SSI Report Rev.0313.pdf,Stockpile 1 - West End,Barium,min_detected,97.0,mg/kg,2012 SSI,0.0,,5,,,,SSI Report Table 2/3,VERIFIED (computed from raw transcription),sample_id=PB2-0.0; 
soil,S9525-06-44 Modesto Stockpiles SSI Report Rev.0313.pdf,Stockpile 1 - West End,Barium,max_detected,160.0,mg/kg,2012 SSI,0.0,,5,TTLC=10000; 10x STLC=1000; CHHSL (industrial)=63000; CHHSL (residential)=5200,,TTLC=0.016; 10x STLC=0.16; CHHSL (industrial)=0.0025; CHHSL (residential)=0.0308,SSI Report Table 2/3,VERIFIED (computed from raw transcription),sample_id=PB3-0.0; 
soil,S9525-06-44 Modesto Stockpiles SSI Report Rev.0313.pdf,Stockpile 2,Barium,min_detected,58.0,mg/kg,2012 SSI,0.0,,16,,,,SSI Report Table 2/3,VERIFIED (computed from raw transcription),"sample_id=CB1-0.0; YES - >=50,000 mg/kg deep Cadmium Boring value"
soil,S9525-06-44 Modesto Stockpiles SSI Report Rev.0313.pdf,Stockpile 2,Barium,max_detected,130000.0,mg/kg,2012 SSI,11.0,,16,TTLC=10000; 10x STLC=1000; CHHSL (industrial)=63000; CHHSL (residential)=5200,,TTLC=13.0; 10x STLC=130.0; CHHSL (industrial)=2.0635; CHHSL (residential)=25.0,SSI Report Table 2/3,VERIFIED (computed from raw transcription),"sample_id=CB2-11.0; YES - >=50,000 mg/kg deep Cadmium Boring value"
soil,S9525-06-44 Modesto Stockpiles SSI Report Rev.0313.pdf,Stockpile 2 - NORTH SIDE,Arsenic,min_detected,0.25,mg/kg,2012 SSI,4.0,,16,,,,SSI Report Table 2/3,VERIFIED (computed from raw transcription),sample_id=FB12-4.0; 
soil,S9525-06-44 Modesto Stockpiles SSI Report Rev.0313.pdf,Stockpile 2 - NORTH SIDE,Arsenic,max_detected,1.1,mg/kg,2012 SSI,0.0,,16,TTLC=500; 10x STLC=50; CHHSL (industrial)=0.24; CHHSL (residential)=0.07,,TTLC=0.0022; 10x STLC=0.022; CHHSL (industrial)=4.5833; CHHSL (residential)=15.7143,SSI Report Table 2/3,VERIFIED (computed from raw transcription),sample_id=FB10-0.0; 
soil,S9525-06-44 Modesto Stockpiles SSI Report Rev.0313.pdf,Stockpile 2 - NORTH SIDE,Barium,min_detected,65.0,mg/kg,2012 SSI,4.0,,16,,,,SSI Report Table 2/3,VERIFIED (computed from raw transcription),sample_id=FB17-4.0; 
soil,S9525-06-44 Modesto Stockpiles SSI Report Rev.0313.pdf,Stockpile 2 - NORTH SIDE,Barium,max_detected,4300.0,mg/kg,2012 SSI,0.0,,16,TTLC=10000; 10x STLC=1000; CHHSL (industrial)=63000; CHHSL (residential)=5200,,TTLC=0.43; 10x STLC=4.3; CHHSL (industrial)=0.0683; CHHSL (residential)=0.8269,SSI Report Table 2/3,VERIFIED (computed from raw transcription),sample_id=FB11-0.0; 
soil,S9525-06-44 Modesto Stockpiles SSI Report Rev.0313.pdf,Stockpile 2 - NORTH SIDE,Lead,min_detected,1.2,mg/kg,2012 SSI,3.0,,16,,,,SSI Report Table 2/3,VERIFIED (computed from raw transcription),sample_id=FB14-3.0; 
soil,S9525-06-44 Modesto Stockpiles SSI Report Rev.0313.pdf,Stockpile 2 - NORTH SIDE,Lead,max_detected,44.0,mg/kg,2012 SSI,0.0,,16,TTLC=1000; 10x STLC=250; CHHSL (industrial)=320; CHHSL (residential)=80,,TTLC=0.044; 10x STLC=0.176; CHHSL (industrial)=0.1375; CHHSL (residential)=0.55,SSI Report Table 2/3,VERIFIED (computed from raw transcription),sample_id=FB10-0.0; 
soil,S9525-06-44 Modesto Stockpiles SSI Report Rev.0313.pdf,Stockpile 2 - NORTH SIDE,Strontium,min_detected,15.0,mg/kg,2012 SSI,4.0,,16,,,,SSI Report Table 2/3,VERIFIED (computed from raw transcription),sample_id=FB12-4.0; 
soil,S9525-06-44 Modesto Stockpiles SSI Report Rev.0313.pdf,Stockpile 2 - NORTH SIDE,Strontium,max_detected,190.0,mg/kg,2012 SSI,3.0,,16,CHHSL (industrial)=610000; CHHSL (residential) / USEPA RSL=47000,,CHHSL (industrial)=0.0003; CHHSL (residential) / USEPA RSL=0.004,SSI Report Table 2/3,VERIFIED (computed from raw transcription),sample_id=FB14-3.0; 
soil,S9525-06-44 Modesto Stockpiles SSI Report Rev.0313.pdf,Stockpile 2 - North Side East End,Barium,min_detected,860.0,mg/kg,2012 SSI,0.0,,3,,,,SSI Report Table 2/3,VERIFIED (computed from raw transcription),sample_id=PB18-0.0; 
soil,S9525-06-44 Modesto Stockpiles SSI Report Rev.0313.pdf,Stockpile 2 - North Side East End,Barium,max_detected,1100.0,mg/kg,2012 SSI,0.0,,3,TTLC=10000; 10x STLC=1000; CHHSL (industrial)=63000; CHHSL (residential)=5200,,TTLC=0.11; 10x STLC=1.1; CHHSL (industrial)=0.0175; CHHSL (residential)=0.2115,SSI Report Table 2/3,VERIFIED (computed from raw transcription),sample_id=PB17-0.0; 
soil,S9525-06-44 Modesto Stockpiles SSI Report Rev.0313.pdf,Stockpile 2 - SOUTH SIDE,Arsenic,min_detected,0.25,mg/kg,2012 SSI,4.0,,24,,,,SSI Report Table 2/3,VERIFIED (computed from raw transcription),sample_id=FB29-4.0; 
soil,S9525-06-44 Modesto Stockpiles SSI Report Rev.0313.pdf,Stockpile 2 - SOUTH SIDE,Arsenic,max_detected,2.1,mg/kg,2012 SSI,0.0,,24,TTLC=500; 10x STLC=50; CHHSL (industrial)=0.24; CHHSL (residential)=0.07,,TTLC=0.0042; 10x STLC=0.042; CHHSL (industrial)=8.75; CHHSL (residential)=30.0,SSI Report Table 2/3,VERIFIED (computed from raw transcription),sample_id=FB20-0.0; 
soil,S9525-06-44 Modesto Stockpiles SSI Report Rev.0313.pdf,Stockpile 2 - SOUTH SIDE,Barium,min_detected,55.0,mg/kg,2012 SSI,4.0,,24,,,,SSI Report Table 2/3,VERIFIED (computed from raw transcription),sample_id=FB29-4.0; 
soil,S9525-06-44 Modesto Stockpiles SSI Report Rev.0313.pdf,Stockpile 2 - SOUTH SIDE,Barium,max_detected,1000.0,mg/kg,2012 SSI,0.0,,24,TTLC=10000; 10x STLC=1000; CHHSL (industrial)=63000; CHHSL (residential)=5200,,TTLC=0.1; 10x STLC=1.0; CHHSL (industrial)=0.0159; CHHSL (residential)=0.1923,SSI Report Table 2/3,VERIFIED (computed from raw transcription),sample_id=FB26-0.0; 
soil,S9525-06-44 Modesto Stockpiles SSI Report Rev.0313.pdf,Stockpile 2 - SOUTH SIDE,Lead,min_detected,1.2,mg/kg,2012 SSI,4.0,,24,,,,SSI Report Table 2/3,VERIFIED (computed from raw transcription),sample_id=FB19-4.0; 
soil,S9525-06-44 Modesto Stockpiles SSI Report Rev.0313.pdf,Stockpile 2 - SOUTH SIDE,Lead,max_detected,26.0,mg/kg,2012 SSI,0.0,,24,TTLC=1000; 10x STLC=250; CHHSL (industrial)=320; CHHSL (residential)=80,,TTLC=0.026; 10x STLC=0.104; CHHSL (industrial)=0.0813; CHHSL (residential)=0.325,SSI Report Table 2/3,VERIFIED (computed from raw transcription),sample_id=FB18-0.0; 
soil,S9525-06-44 Modesto Stockpiles SSI Report Rev.0313.pdf,Stockpile 2 - SOUTH SIDE,Strontium,min_detected,17.0,mg/kg,2012 SSI,4.0,,24,,,,SSI Report Table 2/3,VERIFIED (computed from raw transcription),sample_id=FB29-4.0; 
soil,S9525-06-44 Modesto Stockpiles SSI Report Rev.0313.pdf,Stockpile 2 - SOUTH SIDE,Strontium,max_detected,270.0,mg/kg,2012 SSI,2.0,,24,CHHSL (industrial)=610000; CHHSL (residential) / USEPA RSL=47000,,CHHSL (industrial)=0.0004; CHHSL (residential) / USEPA RSL=0.0057,SSI Report Table 2/3,VERIFIED (computed from raw transcription),sample_id=FB18-2.0; 
soil,S9525-06-44 Modesto Stockpiles SSI Report Rev.0313.pdf,Stockpile 2 - South Side East End,Barium,min_detected,76.0,mg/kg,2012 SSI,0.0,,4,,,,SSI Report Table 2/3,VERIFIED (computed from raw transcription),sample_id=PB14-0.0; 
soil,S9525-06-44 Modesto Stockpiles SSI Report Rev.0313.pdf,Stockpile 2 - South Side East End,Barium,max_detected,790.0,mg/kg,2012 SSI,0.0,,4,TTLC=10000; 10x STLC=1000; CHHSL (industrial)=63000; CHHSL (residential)=5200,,TTLC=0.079; 10x STLC=0.79; CHHSL (industrial)=0.0125; CHHSL (residential)=0.1519,SSI Report Table 2/3,VERIFIED (computed from raw transcription),sample_id=PB15-0.0; 
soil,S9525-06-44 Modesto Stockpiles SSI Report Rev.0313.pdf,Stockpile 2 - West End,Barium,min_detected,190.0,mg/kg,2012 SSI,0.0,,2,,,,SSI Report Table 2/3,VERIFIED (computed from raw transcription),sample_id=PB10-0.0; 
soil,S9525-06-44 Modesto Stockpiles SSI Report Rev.0313.pdf,Stockpile 2 - West End,Barium,max_detected,280.0,mg/kg,2012 SSI,0.0,,2,TTLC=10000; 10x STLC=1000; CHHSL (industrial)=63000; CHHSL (residential)=5200,,TTLC=0.028; 10x STLC=0.28; CHHSL (industrial)=0.0044; CHHSL (residential)=0.0538,SSI Report Table 2/3,VERIFIED (computed from raw transcription),sample_id=PB11-0.0; 
soil,S9525-06-44 Modesto Stockpiles SSI Report Rev.0313.pdf,Stockpile 3,Barium,min_detected,68.0,mg/kg,2012 SSI,14.0,,9,,,,SSI Report Table 2/3,VERIFIED (computed from raw transcription),"sample_id=CB4-14.0; YES - >=50,000 mg/kg deep Cadmium Boring value"
soil,S9525-06-44 Modesto Stockpiles SSI Report Rev.0313.pdf,Stockpile 3,Barium,max_detected,87000.0,mg/kg,2012 SSI,6.0,,9,TTLC=10000; 10x STLC=1000; CHHSL (industrial)=63000; CHHSL (residential)=5200,,TTLC=8.7; 10x STLC=87.0; CHHSL (industrial)=1.381; CHHSL (residential)=16.7308,SSI Report Table 2/3,VERIFIED (computed from raw transcription),"sample_id=CB5-6.0; YES - >=50,000 mg/kg deep Cadmium Boring value"
soil,S9525-06-44 Modesto Stockpiles SSI Report Rev.0313.pdf,Stockpile 3 - NORTH AND NORTHEAST SIDE,Arsenic,min_detected,0.25,mg/kg,2012 SSI,4.0,,11,,,,SSI Report Table 2/3,VERIFIED (computed from raw transcription),sample_id=FB30-4.0; 
soil,S9525-06-44 Modesto Stockpiles SSI Report Rev.0313.pdf,Stockpile 3 - NORTH AND NORTHEAST SIDE,Arsenic,max_detected,2.1,mg/kg,2012 SSI,0.0,,11,TTLC=500; 10x STLC=50; CHHSL (industrial)=0.24; CHHSL (residential)=0.07,,TTLC=0.0042; 10x STLC=0.042; CHHSL (industrial)=8.75; CHHSL (residential)=30.0,SSI Report Table 2/3,VERIFIED (computed from raw transcription),sample_id=FB32-0.0; 
soil,S9525-06-44 Modesto Stockpiles SSI Report Rev.0313.pdf,Stockpile 3 - NORTH AND NORTHEAST SIDE,Barium,min_detected,42.0,mg/kg,2012 SSI,4.0,,11,,,,SSI Report Table 2/3,VERIFIED (computed from raw transcription),sample_id=FB35-4.0; 
soil,S9525-06-44 Modesto Stockpiles SSI Report Rev.0313.pdf,Stockpile 3 - NORTH AND NORTHEAST SIDE,Barium,max_detected,910.0,mg/kg,2012 SSI,0.0,,11,TTLC=10000; 10x STLC=1000; CHHSL (industrial)=63000; CHHSL (residential)=5200,,TTLC=0.091; 10x STLC=0.91; CHHSL (industrial)=0.0144; CHHSL (residential)=0.175,SSI Report Table 2/3,VERIFIED (computed from raw transcription),sample_id=FB32-0.0; 
soil,S9525-06-44 Modesto Stockpiles SSI Report Rev.0313.pdf,Stockpile 3 - NORTH AND NORTHEAST SIDE,Lead,min_detected,1.3,mg/kg,2012 SSI,3.0,,11,,,,SSI Report Table 2/3,VERIFIED (computed from raw transcription),sample_id=FB34-3.0; 
soil,S9525-06-44 Modesto Stockpiles SSI Report Rev.0313.pdf,Stockpile 3 - NORTH AND NORTHEAST SIDE,Lead,max_detected,34.0,mg/kg,2012 SSI,0.0,,11,TTLC=1000; 10x STLC=250; CHHSL (industrial)=320; CHHSL (residential)=80,,TTLC=0.034; 10x STLC=0.136; CHHSL (industrial)=0.1062; CHHSL (residential)=0.425,SSI Report Table 2/3,VERIFIED (computed from raw transcription),sample_id=FB31-0.0; 
soil,S9525-06-44 Modesto Stockpiles SSI Report Rev.0313.pdf,Stockpile 3 - NORTH AND NORTHEAST SIDE,Strontium,min_detected,0.5,mg/kg,2012 SSI,0.0,,11,,,,SSI Report Table 2/3,VERIFIED (computed from raw transcription),sample_id=FB32-0.0; 
soil,S9525-06-44 Modesto Stockpiles SSI Report Rev.0313.pdf,Stockpile 3 - NORTH AND NORTHEAST SIDE,Strontium,max_detected,100.0,mg/kg,2012 SSI,0.0,,11,CHHSL (industrial)=610000; CHHSL (residential) / USEPA RSL=47000,,CHHSL (industrial)=0.0002; CHHSL (residential) / USEPA RSL=0.0021,SSI Report Table 2/3,VERIFIED (computed from raw transcription),sample_id=FB31-0.0; 
soil,S9525-06-44 Modesto Stockpiles SSI Report Rev.0313.pdf,Stockpile 3 - Southwest Side and South End,Barium,min_detected,130.0,mg/kg,2012 SSI,0.0,,10,,,,SSI Report Table 2/3,VERIFIED (computed from raw transcription),sample_id=PB28-0.0; 
soil,S9525-06-44 Modesto Stockpiles SSI Report Rev.0313.pdf,Stockpile 3 - Southwest Side and South End,Barium,max_detected,1600.0,mg/kg,2012 SSI,0.0,,10,TTLC=10000; 10x STLC=1000; CHHSL (industrial)=63000; CHHSL (residential)=5200,,TTLC=0.16; 10x STLC=1.6; CHHSL (industrial)=0.0254; CHHSL (residential)=0.3077,SSI Report Table 2/3,VERIFIED (computed from raw transcription),sample_id=PB23-0.0; 
soil,S9525-06-44 Modesto Stockpiles SSI Report Rev.0313.pdf,Stockpile 2,Barium,extreme_deep_detection,130000.0,mg/kg,2012 SSI,11.0,,,,,,SSI Report Table 2/3,VERIFIED,"sample_id=CB2-11.0; SSI Report Table 3 (Barium and Cadmium), PDF pp.39-41; Cadmium Borings analyzed for barium/cadmium only, not full Title 22 panel (Arsenic/Lead/Strontium not analyzed for this boring set) -- EXTREME DEEP VALUE, re-verified against page image (QA)"
soil,S9525-06-44 Modesto Stockpiles SSI Report Rev.0313.pdf,Stockpile 2,Barium,extreme_deep_detection,97000.0,mg/kg,2012 SSI,16.0,,,,,,SSI Report Table 2/3,VERIFIED,"sample_id=CB2-16.0; SSI Report Table 3 (Barium and Cadmium), PDF pp.39-41; Cadmium Borings analyzed for barium/cadmium only, not full Title 22 panel (Arsenic/Lead/Strontium not analyzed for this boring set) -- EXTREME DEEP VALUE, re-verified against page image (QA)"
soil,S9525-06-44 Modesto Stockpiles SSI Report Rev.0313.pdf,Stockpile 2,Barium,extreme_deep_detection,95000.0,mg/kg,2012 SSI,4.0,,,,,,SSI Report Table 2/3,VERIFIED,"sample_id=CB3-4.0; SSI Report Table 3 (Barium and Cadmium), PDF pp.39-41; Cadmium Borings analyzed for barium/cadmium only, not full Title 22 panel (Arsenic/Lead/Strontium not analyzed for this boring set) -- EXTREME DEEP VALUE, re-verified against page image (QA)"
soil,S9525-06-44 Modesto Stockpiles SSI Report Rev.0313.pdf,Stockpile 3,Barium,extreme_deep_detection,87000.0,mg/kg,2012 SSI,6.0,,,,,,SSI Report Table 2/3,VERIFIED,"sample_id=CB5-6.0; SSI Report Table 3 (Barium and Cadmium), PDF pp.39-41; Cadmium Borings analyzed for barium/cadmium only, not full Title 22 panel (Arsenic/Lead/Strontium not analyzed for this boring set) -- EXTREME DEEP VALUE, re-verified against page image (QA)"
soil,S9525-06-44 Modesto Stockpiles SSI Report Rev.0313.pdf,Stockpile 2,Barium,extreme_deep_detection,60000.0,mg/kg,2012 SSI,19.0,,,,,,SSI Report Table 2/3,VERIFIED,"sample_id=CB1-19.0; SSI Report Table 3 (Barium and Cadmium), PDF pp.39-41; Cadmium Borings analyzed for barium/cadmium only, not full Title 22 panel (Arsenic/Lead/Strontium not analyzed for this boring set) -- EXTREME DEEP VALUE, re-verified against page image (QA)"
soil,S9525-06-44 Modesto Stockpiles SSI Report Rev.0313.pdf,Stockpile 2,Barium,extreme_deep_detection,53000.0,mg/kg,2012 SSI,9.0,,,,,,SSI Report Table 2/3,VERIFIED,"sample_id=CB3-9.0; SSI Report Table 3 (Barium and Cadmium), PDF pp.39-41; Cadmium Borings analyzed for barium/cadmium only, not full Title 22 panel (Arsenic/Lead/Strontium not analyzed for this boring set) -- EXTREME DEEP VALUE, re-verified against page image (QA)"
soil,S9525-06-44 Modesto Stockpiles SSI Report Rev.0313.pdf,"Background (offsite reference, composite)",Arsenic,background_95UCL,1.2,mg/kg,"Background (Shaw 2009 Final PEA, reproduced in SSI Report Table 2)",,True,,,,,SSI Report Table 2/3,VERIFIED,"sample_id=background_composite; SSI Report Table 2 footnote 1, PDF pp.35-38; source: Final PEA, Shaw 2009"
soil,S9525-06-44 Modesto Stockpiles SSI Report Rev.0313.pdf,"Background (offsite reference, composite)",Arsenic,background_mean,0.97,mg/kg,"Background (Shaw 2009 Final PEA, reproduced in SSI Report Table 2)",,True,,,,,SSI Report Table 2/3,VERIFIED,"sample_id=background_composite; SSI Report Table 2 footnote 1, PDF pp.35-38; source: Final PEA, Shaw 2009"
soil,S9525-06-44 Modesto Stockpiles SSI Report Rev.0313.pdf,"Background (offsite reference, composite)",Barium,background_95UCL,72.8,mg/kg,"Background (Shaw 2009 Final PEA, reproduced in SSI Report Table 2)",,True,,,,,SSI Report Table 2/3,VERIFIED,"sample_id=background_composite; SSI Report Table 2 footnote 1, PDF pp.35-38; source: Final PEA, Shaw 2009"
soil,S9525-06-44 Modesto Stockpiles SSI Report Rev.0313.pdf,"Background (offsite reference, composite)",Barium,background_mean,63.5,mg/kg,"Background (Shaw 2009 Final PEA, reproduced in SSI Report Table 2)",,True,,,,,SSI Report Table 2/3,VERIFIED,"sample_id=background_composite; SSI Report Table 2 footnote 1, PDF pp.35-38; source: Final PEA, Shaw 2009"
soil,S9525-06-44 Modesto Stockpiles SSI Report Rev.0313.pdf,"Background (offsite reference, composite)",Lead,background_95UCL,2.0,mg/kg,"Background (Shaw 2009 Final PEA, reproduced in SSI Report Table 2)",,True,,,,,SSI Report Table 2/3,VERIFIED,"sample_id=background_composite; SSI Report Table 2 footnote 1, PDF pp.35-38; source: Final PEA, Shaw 2009"
soil,S9525-06-44 Modesto Stockpiles SSI Report Rev.0313.pdf,"Background (offsite reference, composite)",Lead,background_mean,1.8,mg/kg,"Background (Shaw 2009 Final PEA, reproduced in SSI Report Table 2)",,True,,,,,SSI Report Table 2/3,VERIFIED,"sample_id=background_composite; SSI Report Table 2 footnote 1, PDF pp.35-38; source: Final PEA, Shaw 2009"
soil,S9525-06-44 Modesto Stockpiles SSI Report Rev.0313.pdf,"Background (offsite reference, composite)",Barium,background_95UCL,72.8,mg/kg,"Background (Shaw 2009 Final PEA, reproduced in SSI Report Table 3)",,True,,,,,SSI Report Table 2/3,VERIFIED,"sample_id=background_composite; SSI Report Table 3 footnote 1, PDF pp.39-41; source: Final PEA, Shaw 2009"
soil,S9525-06-44 Modesto Stockpiles SSI Report Rev.0313.pdf,"Background (offsite reference, composite)",Barium,background_mean,63.5,mg/kg,"Background (Shaw 2009 Final PEA, reproduced in SSI Report Table 3)",,True,,,,,SSI Report Table 2/3,VERIFIED,"sample_id=background_composite; SSI Report Table 3 footnote 1, PDF pp.39-41; source: Final PEA, Shaw 2009"
soil,S9800-01-17 Modesto Soil Stockpiles Final FS Report.0614.pdf,Cadmium Borings (Stockpiles 2 and 3),barium,min_detected,58.0,mg/kg,2012 SSI,,,1,,,,"FS Report, printed p.17",VERIFIED (computed from raw transcription),
soil,S9800-01-17 Modesto Soil Stockpiles Final FS Report.0614.pdf,Cadmium Borings (Stockpiles 2 and 3),barium,max_detected,130000.0,mg/kg,2012 SSI,,,1,CHHSL (residential)=5200; CHHSL (industrial/commercial)=63000,,CHHSL (residential)=25.0; CHHSL (industrial/commercial)=2.063,"FS Report, printed p.17",VERIFIED (computed from raw transcription),
soil,S9800-01-17 Modesto Soil Stockpiles Final FS Report.0614.pdf,"Fenceline Borings (all stockpiles, deepest sample 3-5 ft)",barium,min_detected,42.0,mg/kg,2012 SSI,,,1,,,,"FS Report, printed p.16",VERIFIED (computed from raw transcription),
soil,S9800-01-17 Modesto Soil Stockpiles Final FS Report.0614.pdf,"Fenceline Borings (all stockpiles, deepest sample 3-5 ft)",barium,max_detected,680.0,mg/kg,2012 SSI,,,1,CHHSL (residential)=5200; CHHSL (industrial/commercial)=63000,,CHHSL (residential)=0.131; CHHSL (industrial/commercial)=0.011,"FS Report, printed p.16",VERIFIED (computed from raw transcription),
soil,S9800-01-17 Modesto Soil Stockpiles Final FS Report.0614.pdf,"Fenceline Borings (all stockpiles, surface)",barium,min_detected,140.0,mg/kg,2012 SSI,,,1,,,,"FS Report, printed p.16",VERIFIED (computed from raw transcription),
soil,S9800-01-17 Modesto Soil Stockpiles Final FS Report.0614.pdf,"Fenceline Borings (all stockpiles, surface)",barium,max_detected,4300.0,mg/kg,2012 SSI,,,1,CHHSL (residential)=5200; CHHSL (industrial/commercial)=63000,,CHHSL (residential)=0.827; CHHSL (industrial/commercial)=0.068,"FS Report, printed p.16",VERIFIED (computed from raw transcription),
soil,S9800-01-17 Modesto Soil Stockpiles Final FS Report.0614.pdf,"Perimeter Borings (all stockpiles, surface 3-ft)",barium,min_detected,76.0,mg/kg,2012 SSI,,,1,,,,"FS Report, printed p.16",VERIFIED (computed from raw transcription),
soil,S9800-01-17 Modesto Soil Stockpiles Final FS Report.0614.pdf,"Perimeter Borings (all stockpiles, surface 3-ft)",barium,max_detected,1600.0,mg/kg,2012 SSI,,,1,CHHSL (residential)=5200; CHHSL (industrial/commercial)=63000,,CHHSL (residential)=0.308; CHHSL (industrial/commercial)=0.025,"FS Report, printed p.16",VERIFIED (computed from raw transcription),
soil,S9800-01-17 Modesto Soil Stockpiles Final FS Report.0614.pdf,Perimeter Borings (elevated subset: east end Stockpile 2 / SW Stockpile 3),barium,min_detected,710.0,mg/kg,2012 SSI,,,1,,,,"FS Report, printed p.16",VERIFIED (computed from raw transcription),
soil,S9800-01-17 Modesto Soil Stockpiles Final FS Report.0614.pdf,Perimeter Borings (elevated subset: east end Stockpile 2 / SW Stockpile 3),barium,max_detected,1600.0,mg/kg,2012 SSI,,,1,CHHSL (residential)=5200; CHHSL (industrial/commercial)=63000,,CHHSL (residential)=0.308; CHHSL (industrial/commercial)=0.025,"FS Report, printed p.16",VERIFIED (computed from raw transcription),
soil,S9800-01-17 Modesto Soil Stockpiles Final FS Report.0614.pdf,Stockpile 3 (Kansas Ave off-ramp embankment),barium,min_detected,34.0,mg/kg,Pre-2012 (Geocon direct-push + hand-auger),,,1,,,,"FS Report, printed p.6",VERIFIED (computed from raw transcription),
soil,S9800-01-17 Modesto Soil Stockpiles Final FS Report.0614.pdf,Stockpile 3 (Kansas Ave off-ramp embankment),barium,max_detected,1600.0,mg/kg,Pre-2012 (Geocon direct-push + hand-auger),,,1,CHHSL (residential)=5200; CHHSL (industrial/commercial)=63000,,CHHSL (residential)=0.308; CHHSL (industrial/commercial)=0.025,"FS Report, printed p.6",VERIFIED (computed from raw transcription),
soil,S9800-01-17 Modesto Soil Stockpiles Final FS Report.0614.pdf,"Stockpiles (2 of 278 samples, stockpile unspecified)",lead,min_detected,150.0,mg/kg,2006 SI,,,2,,,,"FS Report, printed p.15",VERIFIED (computed from raw transcription),
soil,S9800-01-17 Modesto Soil Stockpiles Final FS Report.0614.pdf,"Stockpiles (2 of 278 samples, stockpile unspecified)",lead,max_detected,1500.0,mg/kg,2006 SI,,,2,,,,"FS Report, printed p.15",VERIFIED (computed from raw transcription),
soil,S9800-01-17 Modesto Soil Stockpiles Final FS Report.0614.pdf,Stockpiles (unspecified),barium,min_detected,25000.0,mg/kg,"2006 SI + 2012 SSI (cumulative, 348 samples)",,,1,,,,"FS Report, printed p.17",VERIFIED (computed from raw transcription),
soil,S9800-01-17 Modesto Soil Stockpiles Final FS Report.0614.pdf,Stockpiles (unspecified),barium,max_detected,130000.0,mg/kg,"2006 SI + 2012 SSI (cumulative, 348 samples)",,,1,CHHSL (residential)=5200; CHHSL (industrial/commercial)=63000,,CHHSL (residential)=25.0; CHHSL (industrial/commercial)=2.063,"FS Report, printed p.17",VERIFIED (computed from raw transcription),
soil,S9800-01-17 Modesto Soil Stockpiles Final FS Report.0614.pdf,Stockpiles 2 and 3 (cadmium-correlated subset),barium,min_detected,25800.0,mg/kg,2004 PSI,,,1,,,,"FS Report, printed p.17",VERIFIED (computed from raw transcription),
soil,S9800-01-17 Modesto Soil Stockpiles Final FS Report.0614.pdf,Stockpiles 2 and 3 (cadmium-correlated subset),barium,max_detected,196000.0,mg/kg,2004 PSI,,,1,CHHSL (residential)=5200; CHHSL (industrial/commercial)=63000,,CHHSL (residential)=37.692; CHHSL (industrial/commercial)=3.111,"FS Report, printed p.17",VERIFIED (computed from raw transcription),
soil,S9800-01-17 Modesto Soil Stockpiles Final FS Report.0614.pdf,Stockpile 1,barium,MDC,1730.0,mg/kg,2004 PSI,,False,,,,,"FS Report 2.2.1 Shaw 2004 PSI, printed p.13","VERIFIED (reported statistic, quoted as-is)","Barium identified as the only metal detected at elevated concentrations of concern and as the primary COPC in the 2004 PSI (50 borings, 194 stockpile + 49 native soil samples, plus 8 background samples)."
soil,S9800-01-17 Modesto Soil Stockpiles Final FS Report.0614.pdf,Stockpile 2,barium,MDC,60700.0,mg/kg,2004 PSI,,False,,,,,"FS Report 2.2.1 Shaw 2004 PSI, printed p.13","VERIFIED (reported statistic, quoted as-is)",
soil,S9800-01-17 Modesto Soil Stockpiles Final FS Report.0614.pdf,Stockpile 3,barium,MDC,44900.0,mg/kg,2004 PSI,,False,,,,,"FS Report 2.2.1 Shaw 2004 PSI, printed p.13","VERIFIED (reported statistic, quoted as-is)",
soil,S9800-01-17 Modesto Soil Stockpiles Final FS Report.0614.pdf,Background,barium,background_range,57.0-888.0,mg/kg,2004 PSI,,True,8,,,,"FS Report 2.2.1 Shaw 2004 PSI, printed p.13","VERIFIED (reported statistic, quoted as-is)",8 background soil samples from 4 borings in assumed non-impacted ground.
soil,S9800-01-17 Modesto Soil Stockpiles Final FS Report.0614.pdf,ALL_STOCKPILES,nitrate,MDC,310.0,mg/kg,2004 PSI,,False,42 of 54,,,,"FS Report 2.2.1 Shaw 2004 PSI, printed p.14","VERIFIED (reported statistic, quoted as-is)","Nitrate max across combined stockpile/native/background soil samples; explicitly 'not at concentrations of concern.' Included as a single available soil data point even though the pipeline's default is to omit nitrate/manganese soil columns; no other nitrate mg/kg soil figure appears in this document (2006 SI reports only DI-WET *soluble* (leachate) nitrate in mg/L, a different measurement type, deliberately excluded here to avoid unit conflation)."
soil,S9800-01-17 Modesto Soil Stockpiles Final FS Report.0614.pdf,ALL_STOCKPILES,strontium,MDC,231.0,mg/kg,2004 PSI,,False,,,,,"FS Report 1.4 Site Characterization, printed p.4","VERIFIED (reported statistic, quoted as-is)","Overall max strontium reported in Shaw 2004 PSI, cited in Section 1.4 explaining why Shaw did NOT designate strontium as a COPC in the 2007 HHRA (231 mg/kg is >2 orders of magnitude below USEPA residential RSL of 47,000 mg/kg; no CHHSL exists for strontium). Not stockpile-specific in the source text."
soil,S9800-01-17 Modesto Soil Stockpiles Final FS Report.0614.pdf,Stockpile 1,barium,MDC,130.0,mg/kg,2006 SI,,False,,,,,"FS Report 2.2.2 Shaw 2006 SI (Total Metals), printed p.14","VERIFIED (reported statistic, quoted as-is)","Barium described as 'the primary COPC.' 2006 SI: 165 stockpile + 89 native soil samples from 51 borings, plus 24 native background samples from 8 background borings."
soil,S9800-01-17 Modesto Soil Stockpiles Final FS Report.0614.pdf,Stockpile 2,barium,MDC,64000.0,mg/kg,2006 SI,,False,,,,,"FS Report 2.2.2 Shaw 2006 SI (Total Metals), printed p.14","VERIFIED (reported statistic, quoted as-is)",
soil,S9800-01-17 Modesto Soil Stockpiles Final FS Report.0614.pdf,Stockpile 3,barium,MDC,72000.0,mg/kg,2006 SI,,False,,,,,"FS Report 2.2.2 Shaw 2006 SI (Total Metals), printed p.14","VERIFIED (reported statistic, quoted as-is)",
soil,S9800-01-17 Modesto Soil Stockpiles Final FS Report.0614.pdf,Background,barium,background_range,17.0-120.0,mg/kg,2006 SI,,True,,,,,"FS Report 2.2.2 Shaw 2006 SI (Total Metals), printed p.14","VERIFIED (reported statistic, quoted as-is)",
soil,S9800-01-17 Modesto Soil Stockpiles Final FS Report.0614.pdf,Background (5-ft-deep samples),barium,background_range,47.0-110.0,mg/kg,2012 SSI,,True,,,,,"FS Report 2.2.3 Geocon 2012 SSI - Fenceline Borings, printed p.16","VERIFIED (reported statistic, quoted as-is)","Distinct from the 2004 PSI 8-sample background range (57-888 mg/kg, depths 5/10/15 ft) -- this is the range specifically for 5-ft-deep background samples used to interpret Fenceline Boring depth profiles."
soil,S9800-01-17 Modesto Soil Stockpiles Final FS Report.0614.pdf,Stockpile 2,arsenic,95_UCL,1.63,mg/kg,2007 HHRA (based on 2006 SI data),,False,,,,,"FS Report 3.1.1 Current Offsite Resident and Trespasser, printed p.20","VERIFIED (reported statistic, quoted as-is)",Drove the 2007 HHRA's Stockpile 2 cancer-risk estimate (1.45E-5). Excluded from the final Stockpile 2 risk total because it was statistically indistinguishable from the background arsenic UCL below.
soil,S9800-01-17 Modesto Soil Stockpiles Final FS Report.0614.pdf,Background,arsenic,95_UCL,1.15,mg/kg,2007 HHRA (based on 2006 SI data),,True,,,,,"FS Report 3.1.1 Current Offsite Resident and Trespasser, printed p.20","VERIFIED (reported statistic, quoted as-is)","Background arsenic 95th UCL; associated cancer-risk estimate (1.15E-5) is very close to the Stockpile 2 arsenic estimate, which is why Shaw excluded arsenic from Stockpile 2's final risk total."
soil,S9800-01-17 Modesto Soil Stockpiles Final FS Report.0614.pdf,Stockpile 2,lead,95_UCL,30.0,mg/kg,2007 HHRA (based on 2006 SI data),,False,,,,,"FS Report 3.1.1 Current Offsite Resident and Trespasser, printed p.20","VERIFIED (reported statistic, quoted as-is)",Used in the LeadSpread model; all percentiles of adults/children projected <10 ug/dL blood lead.
soil,S9800-01-17 Modesto Soil Stockpiles Final FS Report.0614.pdf,Stockpile 3,lead,95_UCL,6.7,mg/kg,2007 HHRA (based on 2006 SI data),,False,,,,,"FS Report 3.1.1 Current Offsite Resident and Trespasser, printed p.20","VERIFIED (reported statistic, quoted as-is)",Used in the LeadSpread model; no unacceptable hazard indicated.
soil,S9800-01-17 Modesto Soil Stockpiles Final FS Report.0614.pdf,"Stockpiles 1-3 combined (future construction soil zone, 0-20 ft)",lead,95_UCL,54.0,mg/kg,2006 SI / 2007 HHRA,,False,,,,,"FS Report 3.1.2 Future Construction Worker, printed p.21","VERIFIED (reported statistic, quoted as-is)",Used in LeadSpread for the pica-child scenario; blood lead projected <10 ug/dL.
soil,S9800-01-17 Modesto Soil Stockpiles Final FS Report.0614.pdf,Stockpiles (unspecified),lead,MDC,1500.0,mg/kg,"2006 SI (max, 0-20 ft depth zone)",,False,,,,,"FS Report 3.1.3 Future Offsite Resident, printed p.21","VERIFIED (reported statistic, quoted as-is)","Same 1,500 mg/kg max lead value as the 2006 SI Total Metals section (printed p.15) -- used here to compute a respirable-dust lead concentration of 0.15 ug/m3 in the LeadSpread model, well below the 1.5 ug/m3 default."
soil,S9800-01-17 Modesto Soil Stockpiles Final FS Report.0614.pdf,Stockpile 1,barium,MDC,240.0,mg/kg,2012 SSI (Fenceline + Perimeter Borings),,False,,,,,"FS Report 3.2.1 Stockpile 1 Current Exposure Assessment, printed p.22","VERIFIED (reported statistic, quoted as-is)","Compared against the 2007 HHRA EPC below; same order of magnitude, no CHHSL/RSL exceedance -> 2007 HHRA findings held valid for Stockpile 1."
soil,S9800-01-17 Modesto Soil Stockpiles Final FS Report.0614.pdf,Stockpile 1,barium,EPC,130.0,mg/kg,2006 SI (2007 HHRA EPC),,False,,,,,"FS Report 3.2.1 Stockpile 1 Current Exposure Assessment, printed p.22","VERIFIED (reported statistic, quoted as-is)",2007 HHRA EPC for Stockpile 1 barium; numerically the same as the 2006 SI Total Metals MDC reported on printed p.14.
soil,S9800-01-17 Modesto Soil Stockpiles Final FS Report.0614.pdf,Stockpile 1,lead,MDC,17.0,mg/kg,2012 SSI (Fenceline + Perimeter Borings),,False,,,,,"FS Report 3.2.1 Stockpile 1 Current Exposure Assessment, printed p.22","VERIFIED (reported statistic, quoted as-is)",
soil,S9800-01-17 Modesto Soil Stockpiles Final FS Report.0614.pdf,Stockpile 1,lead,EPC,12.0,mg/kg,2006 SI (2007 HHRA EPC),,False,,,,,"FS Report 3.2.1 Stockpile 1 Current Exposure Assessment, printed p.22","VERIFIED (reported statistic, quoted as-is)",
soil,S9800-01-17 Modesto Soil Stockpiles Final FS Report.0614.pdf,Stockpile 1,strontium,MDC,61.0,mg/kg,2012 SSI (Fenceline + Perimeter Borings),,False,,,,,"FS Report 3.2.1 Stockpile 1 Current Exposure Assessment, printed p.22","VERIFIED (reported statistic, quoted as-is)","Strontium was not a 2007 HHRA COPC for Stockpile 1 (only 2012 MDC reported, no EPC comparison)."
soil,S9800-01-17 Modesto Soil Stockpiles Final FS Report.0614.pdf,Stockpile 2,barium,MDC,4300.0,mg/kg,2012 SSI (Fenceline + Perimeter Borings),,False,,,,,"FS Report 3.2.2 Stockpile 2 Current Exposure Assessment, printed p.22","VERIFIED (reported statistic, quoted as-is)",
soil,S9800-01-17 Modesto Soil Stockpiles Final FS Report.0614.pdf,Stockpile 2,barium,EPC,1100.0,mg/kg,2006 SI (2007 HHRA EPC),,False,,,,,"FS Report 3.2.2 Stockpile 2 Current Exposure Assessment, printed p.22","VERIFIED (reported statistic, quoted as-is)","2007 HHRA EPC for Stockpile 2 barium; Stockpile 2's 2007 HHRA COPCs used 95% UCLs (not MDCs) per Section 3.2, so this EPC differs from the raw 2006 SI MDC of 64,000 mg/kg reported on printed p.14 -- it is a separately-computed statistic, not transcribed here beyond what the FS report states."
soil,S9800-01-17 Modesto Soil Stockpiles Final FS Report.0614.pdf,Stockpile 2,strontium,MDC,110.0,mg/kg,2012 SSI (Fenceline + Perimeter Borings),,False,,,,,"FS Report 3.2.2 Stockpile 2 Current Exposure Assessment, printed p.23","VERIFIED (reported statistic, quoted as-is)",
soil,S9800-01-17 Modesto Soil Stockpiles Final FS Report.0614.pdf,Stockpile 3,barium,MDC,1600.0,mg/kg,2012 SSI (Fenceline + Perimeter Borings),,False,,,,,"FS Report 3.2.3 Stockpile 3 Current Exposure Assessment, printed p.23","VERIFIED (reported statistic, quoted as-is)",
soil,S9800-01-17 Modesto Soil Stockpiles Final FS Report.0614.pdf,Stockpile 3,barium,EPC,250.0,mg/kg,2006 SI (2007 HHRA EPC),,False,,,,,"FS Report 3.2.3 Stockpile 3 Current Exposure Assessment, printed p.23","VERIFIED (reported statistic, quoted as-is)",
soil,S9800-01-17 Modesto Soil Stockpiles Final FS Report.0614.pdf,Stockpile 3,lead,MDC,34.0,mg/kg,2012 SSI (Fenceline + Perimeter Borings),,False,,,,,"FS Report 3.2.3 Stockpile 3 Current Exposure Assessment, printed p.23","VERIFIED (reported statistic, quoted as-is)","This is the 'lead fenceline/perimeter' figure discussed in Section 3.2.3; the true investigation event is the September 2012 SSI, not the surrounding section's 2006 SI framing."
soil,S9800-01-17 Modesto Soil Stockpiles Final FS Report.0614.pdf,Stockpile 3,lead,EPC,12.0,mg/kg,2006 SI (2007 HHRA EPC),,False,,,,,"FS Report 3.2.3 Stockpile 3 Current Exposure Assessment, printed p.23","VERIFIED (reported statistic, quoted as-is)","2007 HHRA EPC for Stockpile 3 lead, based on 13 surface soil samples from the 2006 SI -- distinct from the Stockpile 1 EPC of 12 mg/kg above (same number, different stockpile/dataset)."
soil,S9800-01-17 Modesto Soil Stockpiles Final FS Report.0614.pdf,Stockpile 3,strontium,MDC,100.0,mg/kg,2012 SSI (Fenceline + Perimeter Borings),,False,,,,,"FS Report 3.2.3 Stockpile 3 Current Exposure Assessment, printed p.23","VERIFIED (reported statistic, quoted as-is)",'Detected in all but one of the 2012 surface soil samples.'
soil,S9800-01-17 Modesto Soil Stockpiles Final FS Report.0614.pdf,Stockpiles 1-3 combined,barium,MDC,130000.0,mg/kg,2012 SSI (Fenceline + Cadmium Borings),,False,,,,,"FS Report 3.2.4 Stockpiles 1-3 Future Construction Worker/Offsite Resident, printed p.23","VERIFIED (reported statistic, quoted as-is)",
soil,S9800-01-17 Modesto Soil Stockpiles Final FS Report.0614.pdf,Stockpiles 1-3 combined,barium,EPC,72000.0,mg/kg,2006 SI (2007 HHRA EPC),,False,,,,,"FS Report 3.2.4 Stockpiles 1-3 Future Construction Worker/Offsite Resident, printed p.24","VERIFIED (reported statistic, quoted as-is)",Based on 165 soil samples from the 2006 SI.
soil,S9800-01-17 Modesto Soil Stockpiles Final FS Report.0614.pdf,Stockpiles 1-3 combined,barium,95_UCL,7556.0,mg/kg,2012 SSI,,False,,,,,"FS Report 3.2.4 Stockpiles 1-3 Future Construction Worker/Offsite Resident, printed p.24","VERIFIED (reported statistic, quoted as-is)","Calculated 95% UCL for the 2012 barium data; explicitly reported as 'significantly less than the MDC of 130,000 mg/kg and the EPC of 72,000 mg/kg.'"
soil,S9800-01-17 Modesto Soil Stockpiles Final FS Report.0614.pdf,Stockpiles 1-3 combined,strontium,MDC,270.0,mg/kg,2012 SSI,,False,,,,,"FS Report 3.2.4 Stockpiles 1-3 Future Construction Worker/Offsite Resident, printed p.24","VERIFIED (reported statistic, quoted as-is)",'Detected in all but one of the 2012 soil samples.'
soil,S9525-06-44 HHRA UPDATE Rev.0313.pdf,"Stockpile 1 (surface soil, 0-1ft, Fenceline+Perimeter Borings)",Barium,MDC_reported,240.0,mg/kg,"2012 SSI - Fenceline/Perimeter/Cadmium Borings, as restated in HHRA UPDATE narrative (mirrors SSI Report raw data; cross-check only, not independently transcribed here)",0-1,False,,,,,HHRA UPDATE,"VERIFIED (reported statistic, quoted as-is)","sample_id=multiple; HHRA UPDATE narrative, PDF p.4 (report p.3): '...barium (240 vs. 130 mg/kg)...higher concentrations in the surface soil samples obtained from the September 2012 Fenceline Borings and Perimeter Borings...compared to the HHRA EPCs'"
soil,S9525-06-44 HHRA UPDATE Rev.0313.pdf,"Stockpile 1 (surface soil, 0-1ft, Fenceline+Perimeter Borings)",Lead,MDC_reported,17.0,mg/kg,"2012 SSI - Fenceline/Perimeter/Cadmium Borings, as restated in HHRA UPDATE narrative (mirrors SSI Report raw data; cross-check only, not independently transcribed here)",0-1,False,,,,,HHRA UPDATE,"VERIFIED (reported statistic, quoted as-is)","sample_id=multiple; HHRA UPDATE narrative, PDF p.4 (report p.3): 'lead (17 vs. 12 mg/kg)...higher concentrations in the surface soil samples obtained from the September 2012 Fenceline Borings and Perimeter Borings'"
soil,S9525-06-44 HHRA UPDATE Rev.0313.pdf,"Stockpile 1 (surface soil, 0-1ft, Fenceline+Perimeter Borings)",Strontium,MDC_reported,61.0,mg/kg,"2012 SSI - Fenceline/Perimeter/Cadmium Borings, as restated in HHRA UPDATE narrative (mirrors SSI Report raw data; cross-check only, not independently transcribed here)",0-1,False,,,,,HHRA UPDATE,"VERIFIED (reported statistic, quoted as-is)","sample_id=multiple; HHRA UPDATE narrative, PDF p.4 (report p.4): 'Strontium was detected in each 2012 surface soil sample with a MDC of 61 mg/kg' (Stockpile 1)"
soil,S9525-06-44 HHRA UPDATE Rev.0313.pdf,"Stockpile 2 (surface soil, 0-1ft, Fenceline+Perimeter Borings)",Barium,MDC_reported,4300.0,mg/kg,"2012 SSI - Fenceline/Perimeter/Cadmium Borings, as restated in HHRA UPDATE narrative (mirrors SSI Report raw data; cross-check only, not independently transcribed here)",0-1,False,,,,,HHRA UPDATE,"VERIFIED (reported statistic, quoted as-is)","sample_id=multiple; HHRA UPDATE narrative, PDF p.5 (report p.4): 'barium (4,300 vs. 1,100 mg/kg)...higher concentrations in the surface soil samples obtained from the September 2012 Fenceline Borings and Perimeter Borings'"
soil,S9525-06-44 HHRA UPDATE Rev.0313.pdf,"Stockpile 2 (surface soil, 0-1ft, Fenceline+Perimeter Borings)",Strontium,MDC_reported,110.0,mg/kg,"2012 SSI - Fenceline/Perimeter/Cadmium Borings, as restated in HHRA UPDATE narrative (mirrors SSI Report raw data; cross-check only, not independently transcribed here)",0-1,False,,,,,HHRA UPDATE,"VERIFIED (reported statistic, quoted as-is)","sample_id=multiple; HHRA UPDATE narrative, PDF p.5 (report p.4): 'Strontium was detected in each of the 2012 surface soil samples, with an MDC of 110 mg/kg' (Stockpile 2)"
soil,S9525-06-44 HHRA UPDATE Rev.0313.pdf,"Stockpile 3 (surface soil, 0-1ft, Fenceline+Perimeter Borings)",Barium,MDC_reported,1600.0,mg/kg,"2012 SSI - Fenceline/Perimeter/Cadmium Borings, as restated in HHRA UPDATE narrative (mirrors SSI Report raw data; cross-check only, not independently transcribed here)",0-1,False,,,,,HHRA UPDATE,"VERIFIED (reported statistic, quoted as-is)","sample_id=multiple; HHRA UPDATE narrative, PDF p.5 (report p.4): 'barium (1,600 vs. 250 mg/kg)...higher levels in the surface soil samples obtained from the September 2012 Fenceline Borings and Perimeter Borings'"
soil,S9525-06-44 HHRA UPDATE Rev.0313.pdf,"Stockpile 3 (surface soil, 0-1ft, Fenceline+Perimeter Borings)",Lead,MDC_reported,34.0,mg/kg,"2012 SSI - Fenceline/Perimeter/Cadmium Borings, as restated in HHRA UPDATE narrative (mirrors SSI Report raw data; cross-check only, not independently transcribed here)",0-1,False,,,,,HHRA UPDATE,"VERIFIED (reported statistic, quoted as-is)","sample_id=multiple; HHRA UPDATE narrative, PDF p.5 (report p.4): 'lead (34 vs. 12 mg/kg)...higher levels in the surface soil samples obtained from the September 2012 Fenceline Borings and Perimeter Borings'"
soil,S9525-06-44 HHRA UPDATE Rev.0313.pdf,"Stockpile 3 (surface soil, 0-1ft, Fenceline+Perimeter Borings)",Strontium,MDC_reported,100.0,mg/kg,"2012 SSI - Fenceline/Perimeter/Cadmium Borings, as restated in HHRA UPDATE narrative (mirrors SSI Report raw data; cross-check only, not independently transcribed here)",0-1,False,,,,,HHRA UPDATE,"VERIFIED (reported statistic, quoted as-is)","sample_id=multiple; HHRA UPDATE narrative, PDF p.5 (report p.5): 'Strontium was detected in all but one of the 2012 surface soil samples with a MDC of 100 mg/kg' (Stockpile 3)"
soil,S9525-06-44 HHRA UPDATE Rev.0313.pdf,"Stockpiles 1-3 combined (0-20ft bgs, Fenceline+Cadmium Borings)",Barium,MDC_reported,130000.0,mg/kg,"2012 SSI - Fenceline/Perimeter/Cadmium Borings, as restated in HHRA UPDATE narrative (mirrors SSI Report raw data; cross-check only, not independently transcribed here)",0-20,False,,,,,HHRA UPDATE,"VERIFIED (reported statistic, quoted as-is)","sample_id=multiple; HHRA UPDATE narrative, PDF p.6 (report p.5): 'barium (130,000 vs. 72,000 mg/kg)...detected at higher concentrations in the soil samples obtained from the September 2012 Fenceline Borings and Cadmium Borings...compared to the HHRA EPC'. This is the ~130,000 mg/kg value from SSI Report Table 3, sample CB2-11.0, Stockpile 2, 11 ft bgs (see SSI raw.csv) -- attributed here in the HHRA UPDATE narrative to 'Fenceline Borings and Cadmium Borings' collectively, without naming the specific boring."
soil,S9525-06-44 HHRA UPDATE Rev.0313.pdf,"Stockpiles 1-3 combined (0-20ft bgs, Fenceline+Cadmium Borings)",Barium,95_UCL_reported,7556.0,mg/kg,"2012 SSI - Fenceline/Perimeter/Cadmium Borings, as restated in HHRA UPDATE narrative (mirrors SSI Report raw data; cross-check only, not independently transcribed here)",0-20,False,,,,,HHRA UPDATE,"VERIFIED (reported statistic, quoted as-is)","sample_id=multiple; HHRA UPDATE narrative, PDF p.6 (report p.5): 'The calculated 95% UCL for the 2012 barium data is 7,556 mg/kg, significantly less than the MDC of 130,000 mg/kg and the EPC of 72,000 mg/kg used in the HHRA.' -- This is the document that states the 7,556 mg/kg 95% UCL figure; it is NOT stated in the SSI Report itself."
soil,S9525-06-44 HHRA UPDATE Rev.0313.pdf,"Stockpiles 1-3 combined (0-20ft bgs, Fenceline+Cadmium Borings)",Strontium,MDC_reported,270.0,mg/kg,"2012 SSI - Fenceline/Perimeter/Cadmium Borings, as restated in HHRA UPDATE narrative (mirrors SSI Report raw data; cross-check only, not independently transcribed here)",0-20,False,,,,,HHRA UPDATE,"VERIFIED (reported statistic, quoted as-is)","sample_id=multiple; HHRA UPDATE narrative, PDF p.6 (report p.5): 'Strontium was detected in all but one of the 2012 soil samples with an MDC of 270 mg/kg' (Stockpiles 1-3 combined, 0-20 ft bgs)"
soil,S9525-06-44 HHRA UPDATE Rev.0313.pdf,"Stockpile 1 (surface soil, 0-1ft bgs)",Arsenic,detection_min_reported,0.6,mg/kg,2006 Shaw site investigation (reproduced in HHRA UPDATE Table 2 (SP#1 surface soil COPC selection)),,False,,,,,HHRA UPDATE,"VERIFIED (reported statistic, quoted as-is)","sample_id=SR99/132-N02; HHRA UPDATE, Appendix B (2007 Shaw HHRA), Table 2 (SP#1 surface soil COPC selection), PDF p.73. Frequency of detection 5/5 (100%). Max background concentration 4.1 mg/kg. Reported as MDC unless noted. 2006 Shaw investigation data (NOT 2012 SSI data). Arsenic NOT selected as COPC (max detected <= max background); no EPC assigned."
soil,S9525-06-44 HHRA UPDATE Rev.0313.pdf,"Stockpile 1 (surface soil, 0-1ft bgs)",Arsenic,MDC,1.1,mg/kg,2006 Shaw site investigation (reproduced in HHRA UPDATE Table 2 (SP#1 surface soil COPC selection)),,False,,,,,HHRA UPDATE,"VERIFIED (reported statistic, quoted as-is)","sample_id=multiple; HHRA UPDATE, Appendix B (2007 Shaw HHRA), Table 2 (SP#1 surface soil COPC selection), PDF p.73. Frequency of detection 5/5 (100%). Max background concentration 4.1 mg/kg. Reported as MDC unless noted. 2006 Shaw investigation data (NOT 2012 SSI data). Arsenic NOT selected as COPC (max detected <= max background); no EPC assigned."
soil,S9525-06-44 HHRA UPDATE Rev.0313.pdf,"Stockpile 1 (surface soil, 0-1ft bgs)",Barium,detection_min_reported,50.0,mg/kg,2006 Shaw site investigation (reproduced in HHRA UPDATE Table 2 (SP#1 surface soil COPC selection)),,False,,,,,HHRA UPDATE,"VERIFIED (reported statistic, quoted as-is)","sample_id=SR99/132-N02; HHRA UPDATE, Appendix B (2007 Shaw HHRA), Table 2 (SP#1 surface soil COPC selection), PDF p.73. Frequency of detection 5/5 (100%). Max background concentration 120 mg/kg. Reported as MDC unless noted. 2006 Shaw investigation data (NOT 2012 SSI data)."
soil,S9525-06-44 HHRA UPDATE Rev.0313.pdf,"Stockpile 1 (surface soil, 0-1ft bgs)",Barium,MDC,130.0,mg/kg,2006 Shaw site investigation (reproduced in HHRA UPDATE Table 2 (SP#1 surface soil COPC selection)),,False,,,,,HHRA UPDATE,"VERIFIED (reported statistic, quoted as-is)","sample_id=SR99/132-N01; HHRA UPDATE, Appendix B (2007 Shaw HHRA), Table 2 (SP#1 surface soil COPC selection), PDF p.73. Frequency of detection 5/5 (100%). Max background concentration 120 mg/kg. Reported as MDC unless noted. 2006 Shaw investigation data (NOT 2012 SSI data)."
soil,S9525-06-44 HHRA UPDATE Rev.0313.pdf,"Stockpile 1 (surface soil, 0-1ft bgs)",Barium,EPC,130.0,mg/kg,2006 Shaw site investigation (reproduced in HHRA UPDATE Table 2 (SP#1 surface soil COPC selection)),,False,,,,,HHRA UPDATE,"VERIFIED (reported statistic, quoted as-is)","sample_id=n/a; HHRA UPDATE, Appendix B (2007 Shaw HHRA), Table 2 (SP#1 surface soil COPC selection), PDF p.73. Frequency of detection 5/5 (100%). Max background concentration 120 mg/kg. Reported as MDC unless noted. 2006 Shaw investigation data (NOT 2012 SSI data)."
soil,S9525-06-44 HHRA UPDATE Rev.0313.pdf,"Stockpile 1 (surface soil, 0-1ft bgs)",Lead,detection_min_reported,6.4,mg/kg,2006 Shaw site investigation (reproduced in HHRA UPDATE Table 2 (SP#1 surface soil COPC selection)),,False,,,,,HHRA UPDATE,"VERIFIED (reported statistic, quoted as-is)","sample_id=SR99/132-S01; HHRA UPDATE, Appendix B (2007 Shaw HHRA), Table 2 (SP#1 surface soil COPC selection), PDF p.73. Frequency of detection 5/5 (100%). Max background concentration 3.8 mg/kg. Reported as MDC unless noted. 2006 Shaw investigation data (NOT 2012 SSI data)."
soil,S9525-06-44 HHRA UPDATE Rev.0313.pdf,"Stockpile 1 (surface soil, 0-1ft bgs)",Lead,MDC,12.0,mg/kg,2006 Shaw site investigation (reproduced in HHRA UPDATE Table 2 (SP#1 surface soil COPC selection)),,False,,,,,HHRA UPDATE,"VERIFIED (reported statistic, quoted as-is)","sample_id=SR99/132-N01; HHRA UPDATE, Appendix B (2007 Shaw HHRA), Table 2 (SP#1 surface soil COPC selection), PDF p.73. Frequency of detection 5/5 (100%). Max background concentration 3.8 mg/kg. Reported as MDC unless noted. 2006 Shaw investigation data (NOT 2012 SSI data)."
soil,S9525-06-44 HHRA UPDATE Rev.0313.pdf,"Stockpile 1 (surface soil, 0-1ft bgs)",Lead,EPC,12.0,mg/kg,2006 Shaw site investigation (reproduced in HHRA UPDATE Table 2 (SP#1 surface soil COPC selection)),,False,,,,,HHRA UPDATE,"VERIFIED (reported statistic, quoted as-is)","sample_id=n/a; HHRA UPDATE, Appendix B (2007 Shaw HHRA), Table 2 (SP#1 surface soil COPC selection), PDF p.73. Frequency of detection 5/5 (100%). Max background concentration 3.8 mg/kg. Reported as MDC unless noted. 2006 Shaw investigation data (NOT 2012 SSI data)."
soil,S9525-06-44 HHRA UPDATE Rev.0313.pdf,"Stockpile 2 (surface soil, 0-1ft bgs)",Arsenic,detection_min_reported,0.7,mg/kg,2006 Shaw site investigation (reproduced in HHRA UPDATE Table 3 (SP#2 surface soil COPC selection)),,False,,,,,HHRA UPDATE,"VERIFIED (reported statistic, quoted as-is)","sample_id=SR99/132-S19; HHRA UPDATE, Appendix B (2007 Shaw HHRA), Table 3 (SP#2 surface soil COPC selection), PDF p.74. Frequency of detection 33/33 (100%). Max background concentration 4.1 mg/kg. Reported as MDC unless noted. 2006 Shaw investigation data (NOT 2012 SSI data)."
soil,S9525-06-44 HHRA UPDATE Rev.0313.pdf,"Stockpile 2 (surface soil, 0-1ft bgs)",Arsenic,MDC,4.9,mg/kg,2006 Shaw site investigation (reproduced in HHRA UPDATE Table 3 (SP#2 surface soil COPC selection)),,False,,,,,HHRA UPDATE,"VERIFIED (reported statistic, quoted as-is)","sample_id=SR99/132-S20; HHRA UPDATE, Appendix B (2007 Shaw HHRA), Table 3 (SP#2 surface soil COPC selection), PDF p.74. Frequency of detection 33/33 (100%). Max background concentration 4.1 mg/kg. Reported as MDC unless noted. 2006 Shaw investigation data (NOT 2012 SSI data)."
soil,S9525-06-44 HHRA UPDATE Rev.0313.pdf,"Stockpile 2 (surface soil, 0-1ft bgs)",Arsenic,EPC,1.63,mg/kg,2006 Shaw site investigation (reproduced in HHRA UPDATE Table 3 (SP#2 surface soil COPC selection)),,False,,,,,HHRA UPDATE,"VERIFIED (reported statistic, quoted as-is)","sample_id=n/a; HHRA UPDATE, Appendix B (2007 Shaw HHRA), Table 3 (SP#2 surface soil COPC selection), PDF p.74. Frequency of detection 33/33 (100%). Max background concentration 4.1 mg/kg. Reported as MDC unless noted. 2006 Shaw investigation data (NOT 2012 SSI data)."
soil,S9525-06-44 HHRA UPDATE Rev.0313.pdf,"Stockpile 2 (surface soil, 0-1ft bgs)",Arsenic,95_UCL,1.63,mg/kg,2006 Shaw site investigation (reproduced in HHRA UPDATE Table 3 (SP#2 surface soil COPC selection)),,False,,,,,HHRA UPDATE,"VERIFIED (reported statistic, quoted as-is)","sample_id=n/a; HHRA UPDATE, Appendix B (2007 Shaw HHRA), Table 3 (SP#2 surface soil COPC selection), PDF p.74. Frequency of detection 33/33 (100%). Max background concentration 4.1 mg/kg. Reported as MDC unless noted. 2006 Shaw investigation data (NOT 2012 SSI data)."
soil,S9525-06-44 HHRA UPDATE Rev.0313.pdf,"Stockpile 2 (surface soil, 0-1ft bgs)",Barium,detection_min_reported,62.0,mg/kg,2006 Shaw site investigation (reproduced in HHRA UPDATE Table 3 (SP#2 surface soil COPC selection)),,False,,,,,HHRA UPDATE,"VERIFIED (reported statistic, quoted as-is)","sample_id=SR99/132-S05; HHRA UPDATE, Appendix B (2007 Shaw HHRA), Table 3 (SP#2 surface soil COPC selection), PDF p.74. Frequency of detection 33/33 (100%). Max background concentration 120 mg/kg. Reported as MDC unless noted. 2006 Shaw investigation data (NOT 2012 SSI data)."
soil,S9525-06-44 HHRA UPDATE Rev.0313.pdf,"Stockpile 2 (surface soil, 0-1ft bgs)",Barium,MDC,1100.0,mg/kg,2006 Shaw site investigation (reproduced in HHRA UPDATE Table 3 (SP#2 surface soil COPC selection)),,False,,,,,HHRA UPDATE,"VERIFIED (reported statistic, quoted as-is)","sample_id=SR99/132-S13; HHRA UPDATE, Appendix B (2007 Shaw HHRA), Table 3 (SP#2 surface soil COPC selection), PDF p.74. Frequency of detection 33/33 (100%). Max background concentration 120 mg/kg. Reported as MDC unless noted. 2006 Shaw investigation data (NOT 2012 SSI data)."
soil,S9525-06-44 HHRA UPDATE Rev.0313.pdf,"Stockpile 2 (surface soil, 0-1ft bgs)",Barium,EPC,376.0,mg/kg,2006 Shaw site investigation (reproduced in HHRA UPDATE Table 3 (SP#2 surface soil COPC selection)),,False,,,,,HHRA UPDATE,"VERIFIED (reported statistic, quoted as-is)","sample_id=n/a; HHRA UPDATE, Appendix B (2007 Shaw HHRA), Table 3 (SP#2 surface soil COPC selection), PDF p.74. Frequency of detection 33/33 (100%). Max background concentration 120 mg/kg. Reported as MDC unless noted. 2006 Shaw investigation data (NOT 2012 SSI data)."
soil,S9525-06-44 HHRA UPDATE Rev.0313.pdf,"Stockpile 2 (surface soil, 0-1ft bgs)",Barium,95_UCL,376.0,mg/kg,2006 Shaw site investigation (reproduced in HHRA UPDATE Table 3 (SP#2 surface soil COPC selection)),,False,,,,,HHRA UPDATE,"VERIFIED (reported statistic, quoted as-is)","sample_id=n/a; HHRA UPDATE, Appendix B (2007 Shaw HHRA), Table 3 (SP#2 surface soil COPC selection), PDF p.74. Frequency of detection 33/33 (100%). Max background concentration 120 mg/kg. Reported as MDC unless noted. 2006 Shaw investigation data (NOT 2012 SSI data)."
soil,S9525-06-44 HHRA UPDATE Rev.0313.pdf,"Stockpile 2 (surface soil, 0-1ft bgs)",Lead,detection_min_reported,2.5,mg/kg,2006 Shaw site investigation (reproduced in HHRA UPDATE Table 3 (SP#2 surface soil COPC selection)),,False,,,,,HHRA UPDATE,"VERIFIED (reported statistic, quoted as-is)","sample_id=SR99/132-S19; HHRA UPDATE, Appendix B (2007 Shaw HHRA), Table 3 (SP#2 surface soil COPC selection), PDF p.74. Frequency of detection 33/33 (100%). Max background concentration 3.8 mg/kg. Reported as MDC unless noted. 2006 Shaw investigation data (NOT 2012 SSI data)."
soil,S9525-06-44 HHRA UPDATE Rev.0313.pdf,"Stockpile 2 (surface soil, 0-1ft bgs)",Lead,MDC,150.0,mg/kg,2006 Shaw site investigation (reproduced in HHRA UPDATE Table 3 (SP#2 surface soil COPC selection)),,False,,,,,HHRA UPDATE,"VERIFIED (reported statistic, quoted as-is)","sample_id=SR99/132-S20; HHRA UPDATE, Appendix B (2007 Shaw HHRA), Table 3 (SP#2 surface soil COPC selection), PDF p.74. Frequency of detection 33/33 (100%). Max background concentration 3.8 mg/kg. Reported as MDC unless noted. 2006 Shaw investigation data (NOT 2012 SSI data)."
soil,S9525-06-44 HHRA UPDATE Rev.0313.pdf,"Stockpile 2 (surface soil, 0-1ft bgs)",Lead,EPC,29.3,mg/kg,2006 Shaw site investigation (reproduced in HHRA UPDATE Table 3 (SP#2 surface soil COPC selection)),,False,,,,,HHRA UPDATE,"VERIFIED (reported statistic, quoted as-is)","sample_id=n/a; HHRA UPDATE, Appendix B (2007 Shaw HHRA), Table 3 (SP#2 surface soil COPC selection), PDF p.74. Frequency of detection 33/33 (100%). Max background concentration 3.8 mg/kg. Reported as MDC unless noted. 2006 Shaw investigation data (NOT 2012 SSI data)."
soil,S9525-06-44 HHRA UPDATE Rev.0313.pdf,"Stockpile 2 (surface soil, 0-1ft bgs)",Lead,95_UCL,29.3,mg/kg,2006 Shaw site investigation (reproduced in HHRA UPDATE Table 3 (SP#2 surface soil COPC selection)),,False,,,,,HHRA UPDATE,"VERIFIED (reported statistic, quoted as-is)","sample_id=n/a; HHRA UPDATE, Appendix B (2007 Shaw HHRA), Table 3 (SP#2 surface soil COPC selection), PDF p.74. Frequency of detection 33/33 (100%). Max background concentration 3.8 mg/kg. Reported as MDC unless noted. 2006 Shaw investigation data (NOT 2012 SSI data)."
soil,S9525-06-44 HHRA UPDATE Rev.0313.pdf,"Stockpile 3 (surface soil, 0-1ft bgs)",Arsenic,detection_min_reported,0.4,mg/kg,2006 Shaw site investigation (reproduced in HHRA UPDATE Table 4 (SP#3 surface soil COPC selection)),,False,,,,,HHRA UPDATE,"VERIFIED (reported statistic, quoted as-is)","sample_id=multiple; HHRA UPDATE, Appendix B (2007 Shaw HHRA), Table 4 (SP#3 surface soil COPC selection), PDF p.75. Frequency of detection 9/13 (69%). Max background concentration 4.1 mg/kg. Reported as MDC unless noted. 2006 Shaw investigation data (NOT 2012 SSI data). Arsenic NOT selected as COPC (max detected <= max background); no EPC assigned."
soil,S9525-06-44 HHRA UPDATE Rev.0313.pdf,"Stockpile 3 (surface soil, 0-1ft bgs)",Arsenic,MDC,1.3,mg/kg,2006 Shaw site investigation (reproduced in HHRA UPDATE Table 4 (SP#3 surface soil COPC selection)),,False,,,,,HHRA UPDATE,"VERIFIED (reported statistic, quoted as-is)","sample_id=SR99/132-S31; HHRA UPDATE, Appendix B (2007 Shaw HHRA), Table 4 (SP#3 surface soil COPC selection), PDF p.75. Frequency of detection 9/13 (69%). Max background concentration 4.1 mg/kg. Reported as MDC unless noted. 2006 Shaw investigation data (NOT 2012 SSI data). Arsenic NOT selected as COPC (max detected <= max background); no EPC assigned."
soil,S9525-06-44 HHRA UPDATE Rev.0313.pdf,"Stockpile 3 (surface soil, 0-1ft bgs)",Barium,detection_min_reported,38.0,mg/kg,2006 Shaw site investigation (reproduced in HHRA UPDATE Table 4 (SP#3 surface soil COPC selection)),,False,,,,,HHRA UPDATE,"VERIFIED (reported statistic, quoted as-is)","sample_id=SR99/132-N13; HHRA UPDATE, Appendix B (2007 Shaw HHRA), Table 4 (SP#3 surface soil COPC selection), PDF p.75. Frequency of detection 13/13 (100%). Max background concentration 120 mg/kg. Reported as MDC unless noted. 2006 Shaw investigation data (NOT 2012 SSI data)."
soil,S9525-06-44 HHRA UPDATE Rev.0313.pdf,"Stockpile 3 (surface soil, 0-1ft bgs)",Barium,MDC,250.0,mg/kg,2006 Shaw site investigation (reproduced in HHRA UPDATE Table 4 (SP#3 surface soil COPC selection)),,False,,,,,HHRA UPDATE,"VERIFIED (reported statistic, quoted as-is)","sample_id=SR99/132-S31; HHRA UPDATE, Appendix B (2007 Shaw HHRA), Table 4 (SP#3 surface soil COPC selection), PDF p.75. Frequency of detection 13/13 (100%). Max background concentration 120 mg/kg. Reported as MDC unless noted. 2006 Shaw investigation data (NOT 2012 SSI data)."
soil,S9525-06-44 HHRA UPDATE Rev.0313.pdf,"Stockpile 3 (surface soil, 0-1ft bgs)",Barium,EPC,250.0,mg/kg,2006 Shaw site investigation (reproduced in HHRA UPDATE Table 4 (SP#3 surface soil COPC selection)),,False,,,,,HHRA UPDATE,"VERIFIED (reported statistic, quoted as-is)","sample_id=n/a; HHRA UPDATE, Appendix B (2007 Shaw HHRA), Table 4 (SP#3 surface soil COPC selection), PDF p.75. Frequency of detection 13/13 (100%). Max background concentration 120 mg/kg. Reported as MDC unless noted. 2006 Shaw investigation data (NOT 2012 SSI data)."
soil,S9525-06-44 HHRA UPDATE Rev.0313.pdf,"Stockpile 3 (surface soil, 0-1ft bgs)",Lead,detection_min_reported,1.2,mg/kg,2006 Shaw site investigation (reproduced in HHRA UPDATE Table 4 (SP#3 surface soil COPC selection)),,False,,,,,HHRA UPDATE,"VERIFIED (reported statistic, quoted as-is)","sample_id=SR99/132-N13; HHRA UPDATE, Appendix B (2007 Shaw HHRA), Table 4 (SP#3 surface soil COPC selection), PDF p.75. Frequency of detection 13/13 (100%). Max background concentration 3.8 mg/kg. Reported as MDC unless noted. 2006 Shaw investigation data (NOT 2012 SSI data)."
soil,S9525-06-44 HHRA UPDATE Rev.0313.pdf,"Stockpile 3 (surface soil, 0-1ft bgs)",Lead,MDC,12.0,mg/kg,2006 Shaw site investigation (reproduced in HHRA UPDATE Table 4 (SP#3 surface soil COPC selection)),,False,,,,,HHRA UPDATE,"VERIFIED (reported statistic, quoted as-is)","sample_id=SR99/132-S31; HHRA UPDATE, Appendix B (2007 Shaw HHRA), Table 4 (SP#3 surface soil COPC selection), PDF p.75. Frequency of detection 13/13 (100%). Max background concentration 3.8 mg/kg. Reported as MDC unless noted. 2006 Shaw investigation data (NOT 2012 SSI data)."
soil,S9525-06-44 HHRA UPDATE Rev.0313.pdf,"Stockpile 3 (surface soil, 0-1ft bgs)",Lead,EPC,12.0,mg/kg,2006 Shaw site investigation (reproduced in HHRA UPDATE Table 4 (SP#3 surface soil COPC selection)),,False,,,,,HHRA UPDATE,"VERIFIED (reported statistic, quoted as-is)","sample_id=n/a; HHRA UPDATE, Appendix B (2007 Shaw HHRA), Table 4 (SP#3 surface soil COPC selection), PDF p.75. Frequency of detection 13/13 (100%). Max background concentration 3.8 mg/kg. Reported as MDC unless noted. 2006 Shaw investigation data (NOT 2012 SSI data)."
soil,S9525-06-44 HHRA UPDATE Rev.0313.pdf,Stockpiles 1-3 combined (0-20ft bgs),Arsenic,detection_min_reported,0.4,mg/kg,2006 Shaw site investigation (reproduced in HHRA UPDATE Table 5 (SP#1/2/3 combined construction-zone COPC selection)),,False,,,,,HHRA UPDATE,"VERIFIED (reported statistic, quoted as-is)","sample_id=multiple; HHRA UPDATE, Appendix B (2007 Shaw HHRA), Table 5 (SP#1/2/3 combined construction-zone COPC selection), PDF p.76. Frequency of detection 152/165 (92%). Max background concentration 4.1 mg/kg. Reported as MDC unless noted. 2006 Shaw investigation data (NOT 2012 SSI data). IMPORTANT: the '14' in this row is the SAMPLE DEPTH (ft bgs) at which the maximum was detected, NOT a concentration. The maximum arsenic concentration is 5.5 mg/kg. A prior extraction mis-transcribed the depth column value (14) as the concentration -- corrected here."
soil,S9525-06-44 HHRA UPDATE Rev.0313.pdf,Stockpiles 1-3 combined (0-20ft bgs),Arsenic,MDC,5.5,mg/kg,2006 Shaw site investigation (reproduced in HHRA UPDATE Table 5 (SP#1/2/3 combined construction-zone COPC selection)),14,False,,,,,HHRA UPDATE,"VERIFIED (reported statistic, quoted as-is)","sample_id=SR99/132-N08; HHRA UPDATE, Appendix B (2007 Shaw HHRA), Table 5 (SP#1/2/3 combined construction-zone COPC selection), PDF p.76. Frequency of detection 152/165 (92%). Max background concentration 4.1 mg/kg. Reported as MDC unless noted. 2006 Shaw investigation data (NOT 2012 SSI data). IMPORTANT: the '14' in this row is the SAMPLE DEPTH (ft bgs) at which the maximum was detected, NOT a concentration. The maximum arsenic concentration is 5.5 mg/kg. A prior extraction mis-transcribed the depth column value (14) as the concentration -- corrected here."
soil,S9525-06-44 HHRA UPDATE Rev.0313.pdf,Stockpiles 1-3 combined (0-20ft bgs),Arsenic,EPC,5.5,mg/kg,2006 Shaw site investigation (reproduced in HHRA UPDATE Table 5 (SP#1/2/3 combined construction-zone COPC selection)),,False,,,,,HHRA UPDATE,"VERIFIED (reported statistic, quoted as-is)","sample_id=n/a; HHRA UPDATE, Appendix B (2007 Shaw HHRA), Table 5 (SP#1/2/3 combined construction-zone COPC selection), PDF p.76. Frequency of detection 152/165 (92%). Max background concentration 4.1 mg/kg. Reported as MDC unless noted. 2006 Shaw investigation data (NOT 2012 SSI data). IMPORTANT: the '14' in this row is the SAMPLE DEPTH (ft bgs) at which the maximum was detected, NOT a concentration. The maximum arsenic concentration is 5.5 mg/kg. A prior extraction mis-transcribed the depth column value (14) as the concentration -- corrected here."
soil,S9525-06-44 HHRA UPDATE Rev.0313.pdf,Stockpiles 1-3 combined (0-20ft bgs),Barium,detection_min_reported,35.0,mg/kg,2006 Shaw site investigation (reproduced in HHRA UPDATE Table 5 (SP#1/2/3 combined construction-zone COPC selection)),,False,,,,,HHRA UPDATE,"VERIFIED (reported statistic, quoted as-is)","sample_id=SR99/132-N12; HHRA UPDATE, Appendix B (2007 Shaw HHRA), Table 5 (SP#1/2/3 combined construction-zone COPC selection), PDF p.76. Frequency of detection 165/165 (100%). Max background concentration 120 mg/kg. Reported as MDC unless noted. 2006 Shaw investigation data (NOT 2012 SSI data)."
soil,S9525-06-44 HHRA UPDATE Rev.0313.pdf,Stockpiles 1-3 combined (0-20ft bgs),Barium,MDC,72000.0,mg/kg,2006 Shaw site investigation (reproduced in HHRA UPDATE Table 5 (SP#1/2/3 combined construction-zone COPC selection)),10,False,,,,,HHRA UPDATE,"VERIFIED (reported statistic, quoted as-is)","sample_id=SR99/132-N15; HHRA UPDATE, Appendix B (2007 Shaw HHRA), Table 5 (SP#1/2/3 combined construction-zone COPC selection), PDF p.76. Frequency of detection 165/165 (100%). Max background concentration 120 mg/kg. Reported as MDC unless noted. 2006 Shaw investigation data (NOT 2012 SSI data)."
soil,S9525-06-44 HHRA UPDATE Rev.0313.pdf,Stockpiles 1-3 combined (0-20ft bgs),Barium,EPC,72000.0,mg/kg,2006 Shaw site investigation (reproduced in HHRA UPDATE Table 5 (SP#1/2/3 combined construction-zone COPC selection)),,False,,,,,HHRA UPDATE,"VERIFIED (reported statistic, quoted as-is)","sample_id=n/a; HHRA UPDATE, Appendix B (2007 Shaw HHRA), Table 5 (SP#1/2/3 combined construction-zone COPC selection), PDF p.76. Frequency of detection 165/165 (100%). Max background concentration 120 mg/kg. Reported as MDC unless noted. 2006 Shaw investigation data (NOT 2012 SSI data)."
soil,S9525-06-44 HHRA UPDATE Rev.0313.pdf,Stockpiles 1-3 combined (0-20ft bgs),Lead,detection_min_reported,1.2,mg/kg,2006 Shaw site investigation (reproduced in HHRA UPDATE Table 5 (SP#1/2/3 combined construction-zone COPC selection)),,False,,,,,HHRA UPDATE,"VERIFIED (reported statistic, quoted as-is)","sample_id=SR99/132-N13; HHRA UPDATE, Appendix B (2007 Shaw HHRA), Table 5 (SP#1/2/3 combined construction-zone COPC selection), PDF p.76. Frequency of detection 165/165 (100%). Max background concentration 3.8 mg/kg. Reported as MDC unless noted. 2006 Shaw investigation data (NOT 2012 SSI data)."
soil,S9525-06-44 HHRA UPDATE Rev.0313.pdf,Stockpiles 1-3 combined (0-20ft bgs),Lead,MDC,1500.0,mg/kg,2006 Shaw site investigation (reproduced in HHRA UPDATE Table 5 (SP#1/2/3 combined construction-zone COPC selection)),10,False,,,,,HHRA UPDATE,"VERIFIED (reported statistic, quoted as-is)","sample_id=SR99/132-N14; HHRA UPDATE, Appendix B (2007 Shaw HHRA), Table 5 (SP#1/2/3 combined construction-zone COPC selection), PDF p.76. Frequency of detection 165/165 (100%). Max background concentration 3.8 mg/kg. Reported as MDC unless noted. 2006 Shaw investigation data (NOT 2012 SSI data)."
soil,S9525-06-44 HHRA UPDATE Rev.0313.pdf,Stockpiles 1-3 combined (0-20ft bgs),Lead,EPC,1500.0,mg/kg,2006 Shaw site investigation (reproduced in HHRA UPDATE Table 5 (SP#1/2/3 combined construction-zone COPC selection)),,False,,,,,HHRA UPDATE,"VERIFIED (reported statistic, quoted as-is)","sample_id=n/a; HHRA UPDATE, Appendix B (2007 Shaw HHRA), Table 5 (SP#1/2/3 combined construction-zone COPC selection), PDF p.76. Frequency of detection 165/165 (100%). Max background concentration 3.8 mg/kg. Reported as MDC unless noted. 2006 Shaw investigation data (NOT 2012 SSI data)."
soil,SR_132_DEIR_EA.pdf,SR 99 corridor (aerially deposited lead survey),lead,min_detected_upper_six_inches_narrative_range,3.0,mg/kg,,,,,,,,"(narrative text; no table), pp. 198-199",VERIFIED,No numeric regulatory limit is stated in this source document.
soil,SR_132_DEIR_EA.pdf,SR 99 corridor (aerially deposited lead survey),lead,max_detected_upper_six_inches_narrative_range,100.0,mg/kg,,,,,,,,"(narrative text; no table), pp. 198-199",VERIFIED,No numeric regulatory limit is stated in this source document.
groundwater,S2350-01-02 Updated Statistical Evaluation Report_2.24.pdf,,Barium,FMC_upgradient_background,151,µg/L,,,,,,,,p. 6,VERIFIED,'...comparable to the FMC upgradient background concentration of 151 micrograms per liter (µg/l).'
groundwater,S2350-01-02 Updated Statistical Evaluation Report_2.24.pdf,,Barium,EPA_DWHA,700,µg/L,,,,,,,,p. 6,VERIFIED,'...well below the U.S. EPA drinking-water health advisory (DWHA) concentration of 700 µg/l...'
groundwater,S2350-01-02 Updated Statistical Evaluation Report_2.24.pdf,,Barium,FMC_site_specific_target_level,6210,µg/L,,,,,,,,p. 6,VERIFIED,"'...health-based site-specific target level for barium in groundwater at the FMC facility of 6,210 µg/l approved by the Central Valley Regional Water Quality Control Board in the Remedial Action Plan (ERM, 2020).'"
groundwater,S2350-01-02 Updated Statistical Evaluation Report_2.24.pdf,,Barium,stated_ratio_background_to_SSTL,about 40x,ratio,,,,,,,,p. 6,"VERIFIED - ratio is background(151)/SSTL(6210) basis, NOT a '210 µg/L sitewide mean' basis","'...are about 40 times less than the health-based site-specific target level...' Recomputed check: 6210/151 = 41.13, consistent."
groundwater,S2350-01-02 Updated Statistical Evaluation Report_2.24.pdf,,Barium,CA_primary_MCL,1000,µg/L,,,,,,,,p. 9-12,VERIFIED,Table 1 MCL row: '1000 / 700(2)'
groundwater,S2350-01-02 Updated Statistical Evaluation Report_2.24.pdf,,Strontium,EPA_DWHA,4000,µg/L,,,,,,,,p. 6,VERIFIED,"'...about four times less than the U.S. EPA DWHA concentration of 4,000 µg/l...'"
groundwater,S2350-01-02 Updated Statistical Evaluation Report_2.24.pdf,,Strontium,FMC_site_specific_target_level,61900,µg/L,,,,,,,,p. 6,VERIFIED,"'...more than 20 times less than the health-based site-specific target level for strontium in groundwater at the FMC facility of 61,900 µg/l...'"
groundwater,S2350-01-02 Updated Statistical Evaluation Report_2.24.pdf,,TDS,CA_secondary_MCL,500,mg/L,,,,,,,,p. 9-12,VERIFIED,Table 1 MCL row
groundwater,S2350-01-02 Updated Statistical Evaluation Report_2.24.pdf,,Sulfate,CA_secondary_MCL,250,mg/L,,,,,,,,p. 9-12,VERIFIED,Table 1 MCL row
groundwater,S2350-01-02 Updated Statistical Evaluation Report_2.24.pdf,,Lead,max_detected_2012-2023,,,,,,,,,,p. ,"UNSUPPORTED / FABRICATED - Lead does not appear anywhere in this document. Table 1 (pages 9-12) has only TDS, SO4, Ba, Sr columns; no lead column, no narrative mention, no reference. Prior claim of 'Lead 8.3 µg/L max detected 2012-2023' attributed to this document is not supported by any content in it.",
groundwater,S2350-01-02 Updated Statistical Evaluation Report_2.24.pdf,,Arsenic,max_detected_2012-2023,,,,,,,,,,p. ,"UNSUPPORTED / FABRICATED - Arsenic is mentioned only qualitatively (twice, pages 3-4) as one of several constituents historically found in FMC facility groundwater per RWQCB 1998 and Parsons 2009/2013, and as one of the analytes in the 2014 Evaluation's initial screening. It was NOT carried into the detailed statistical analysis (only TDS, sulfate, barium, strontium were, per pages 3-4) and has no numeric concentration, MCL, or target level stated anywhere. Prior claim of 'Arsenic 6.6 µg/L max detected 2012-2023' attributed to this document is not supported by any content in it.",
groundwater,S2350-01-02 Updated Statistical Evaluation Report_2.24.pdf,,Barium,sitewide_mean_concentration,,,,,,,,,,p. ,"UNSUPPORTED / FABRICATED - No 'sitewide mean ~210 µg/L' figure for barium appears anywhere in this document. The only barium figures stated are the 151 µg/L FMC upgradient background, the 700 µg/L EPA DWHA, and the 6,210 µg/L FMC site-specific target level (SSTL); the document's own ~40x ratio is 6210/151 (=41.13), not 6210 divided by 210 (which would be ~29.6, a different and inconsistent number, and not one the document states or implies).",
groundwater,S2350-01-02 Updated Statistical Evaluation Report_2.24.pdf,Barium,Barium (soil),CHHSL_comparison,,,,,,,,,,p. ,"UNSUPPORTED / FABRICATED - This document contains no soil sampling data of any kind (see scope row above), so it contains no soil barium concentrations and makes no comparison to a California Human Health Screening Level (CHHSL) or any other soil standard for barium or any analyte.",
groundwater,S2350-01-02 Updated Statistical Evaluation Report_2.24.pdf,,Site,Land_Use_Covenant,,,,,,,,,,p. ,"UNSUPPORTED / FABRICATED - No Land Use Covenant, deed restriction, or land-use-control instrument of any kind is mentioned anywhere in this document. The only site-status control mechanism discussed is physical encapsulation of Stockpiles 1 and 2 beneath the SR 132 roadway (see Stockpile_3_status row below).",
groundwater,S2350-01-02 Updated Statistical Evaluation Report_2.24.pdf,,Site,Stockpile_3_status,removed - material relocated onto Stockpiles 1 and 2,n/a,,,,,,,,"p. 4, 7","VERIFIED - CORRECTS a prior claim that this document describes Stockpile 3 as 'concentration in place under deed restriction'; the document instead describes physical removal and relocation, with no deed restriction/covenant language at all","Page 4 (Introduction): 'Construction of Phase I of the SR 99/SR 132 interchange project began in January 2020. Stockpile 3 was removed and the material placed on Stockpiles 1 and 2.' Page 7 (Discussion/Recommendations): 'Since that time, Stockpile 3 has been removed and the soil placed on top of Stockpiles 1 and 2.'"
groundwater,S2350-01-02 Updated Statistical Evaluation Report_2.24.pdf,,Site,well_decommissioning_recommendation,recommend decommissioning MW4/MW6/MW9/MW10 and discontinuing groundwater monitoring,n/a,,,,,,,,p. 7,VERIFIED (re-checked directly against page-6/page-7 text; matches prior finding),'...we recommend that the remaining four Caltrans monitoring wells be decommissioned and that groundwater monitoring related to the soil stockpiles be discontinued.'
groundwater,S2350-01-02 Updated Statistical Evaluation Report_2.24.pdf,,Site,well_dry_status_through_Feb_2023,"MW4 dry 4/11 events; MW6 dry 6/11; MW9 dry 8/11; MW10 dry 9/11, all through Feb 2023",n/a,,,,,,,,"p. 5,6","VERIFIED - confirms wells were dry through the Feb 2023 sampling round, supporting the decommissioning recommendation","Verbatim per-well dry-date lists, e.g. MW10 - 'September 2014 through April 2017, April 2019 through February 2023 (9 of 11 measurements)'"
